{
    "name": "root",
    "gauges": {
        "Basic.Policy.Entropy.mean": {
            "value": 1.190464973449707,
            "min": 1.1904293298721313,
            "max": 1.4280626773834229,
            "count": 102
        },
        "Basic.Policy.Entropy.sum": {
            "value": 11904.6494140625,
            "min": 11885.24609375,
            "max": 14287.849609375,
            "count": 102
        },
        "Basic.Policy.ExtrinsicValueEstimate.mean": {
            "value": 0.035589732229709625,
            "min": -0.03294605016708374,
            "max": 0.06821317970752716,
            "count": 102
        },
        "Basic.Policy.ExtrinsicValueEstimate.sum": {
            "value": 119.9374008178711,
            "min": -110.50105285644531,
            "max": 229.94662475585938,
            "count": 102
        },
        "Basic.Environment.EpisodeLength.mean": {
            "value": 147.6818181818182,
            "min": 116.94252873563218,
            "max": 255.0,
            "count": 102
        },
        "Basic.Environment.EpisodeLength.sum": {
            "value": 9747.0,
            "min": 8160.0,
            "max": 12240.0,
            "count": 102
        },
        "Basic.Environment.CumulativeReward.mean": {
            "value": 0.5871313797930876,
            "min": -0.2490234375,
            "max": 0.8394071356289916,
            "count": 102
        },
        "Basic.Environment.CumulativeReward.sum": {
            "value": 38.750671066343784,
            "min": -11.953125,
            "max": 72.87209488265216,
            "count": 102
        },
        "Basic.Policy.ExtrinsicReward.mean": {
            "value": 0.5871313797930876,
            "min": -0.2490234375,
            "max": 0.8394071356289916,
            "count": 102
        },
        "Basic.Policy.ExtrinsicReward.sum": {
            "value": 38.750671066343784,
            "min": -11.953125,
            "max": 72.87209488265216,
            "count": 102
        },
        "Basic.Losses.PolicyLoss.mean": {
            "value": 0.0474449596949853,
            "min": 0.04001917489040352,
            "max": 0.05684573433548697,
            "count": 102
        },
        "Basic.Losses.PolicyLoss.sum": {
            "value": 0.1423348790849559,
            "min": 0.08003834978080704,
            "max": 0.1630401656111644,
            "count": 102
        },
        "Basic.Losses.ValueLoss.mean": {
            "value": 0.0034986285435378607,
            "min": 1.2516158468163969e-05,
            "max": 0.005753394464894276,
            "count": 102
        },
        "Basic.Losses.ValueLoss.sum": {
            "value": 0.010495885630613582,
            "min": 2.5032316936327938e-05,
            "max": 0.016018336960163047,
            "count": 102
        },
        "Basic.Policy.LearningRate.mean": {
            "value": 2.790724069791669e-06,
            "min": 2.790724069791669e-06,
            "max": 0.00029817890685703127,
            "count": 102
        },
        "Basic.Policy.LearningRate.sum": {
            "value": 8.372172209375007e-06,
            "min": 8.372172209375007e-06,
            "max": 0.0008781468822843749,
            "count": 102
        },
        "Basic.Policy.Epsilon.mean": {
            "value": 0.10093020833333334,
            "min": 0.10093020833333334,
            "max": 0.19939296875,
            "count": 102
        },
        "Basic.Policy.Epsilon.sum": {
            "value": 0.30279062500000004,
            "min": 0.20386474609375005,
            "max": 0.5927156250000001,
            "count": 102
        },
        "Basic.Policy.Beta.mean": {
            "value": 5.6417395833333374e-05,
            "min": 5.6417395833333374e-05,
            "max": 0.0049697091406250005,
            "count": 102
        },
        "Basic.Policy.Beta.sum": {
            "value": 0.00016925218750000012,
            "min": 0.00016925218750000012,
            "max": 0.0146365096875,
            "count": 102
        },
        "Basic.IsTraining.mean": {
            "value": 1.0,
            "min": 1.0,
            "max": 1.0,
            "count": 102
        },
        "Basic.IsTraining.sum": {
            "value": 1.0,
            "min": 1.0,
            "max": 1.0,
            "count": 102
        }
    },
    "metadata": {
        "timer_format_version": "0.1.0",
        "start_time_seconds": "1618381910",
        "python_version": "3.8.8 (default, Feb 24 2021, 15:54:32) [MSC v.1928 64 bit (AMD64)]",
        "command_line_arguments": "C:\\Users\\user\\Anaconda3\\envs\\rlnav\\Scripts\\mlagents-learn rlnav/configs/PPO.yaml --env=C:\\Users\\user\\Desktop\\RLNav\\NavigationEnvironments\\P0\\Jump\\Env.exe --run-id=0_Pipeline\\Jump93\\PPO\\Run_3 --time-scale=10 --base-port=6003 --width=480 --height=480",
        "mlagents_version": "0.25.0",
        "mlagents_envs_version": "0.25.0",
        "communication_protocol_version": "1.5.0",
        "pytorch_version": "1.8.1+cpu",
        "numpy_version": "1.19.5",
        "end_time_seconds": "1618387111"
    },
    "total": 5200.9307391,
    "count": 1,
    "self": 2.6454545000005965,
    "children": {
        "run_training.setup": {
            "total": 0.34297549999999966,
            "count": 1,
            "self": 0.34297549999999966
        },
        "TrainerController.start_learning": {
            "total": 5197.9423091,
            "count": 1,
            "self": 4.357741399954648,
            "children": {
                "TrainerController._reset_env": {
                    "total": 8.1875577,
                    "count": 1,
                    "self": 8.1875577
                },
                "TrainerController.advance": {
                    "total": 5185.156300800045,
                    "count": 68908,
                    "self": 3.9366041000321275,
                    "children": {
                        "env_step": {
                            "total": 2811.8590412000644,
                            "count": 68908,
                            "self": 2665.6191144000945,
                            "children": {
                                "SubprocessEnvManager._take_step": {
                                    "total": 143.8391346999769,
                                    "count": 68908,
                                    "self": 10.893973399942126,
                                    "children": {
                                        "TorchPolicy.evaluate": {
                                            "total": 132.94516130003478,
                                            "count": 64001,
                                            "self": 22.18640890002223,
                                            "children": {
                                                "TorchPolicy.sample_actions": {
                                                    "total": 110.75875240001255,
                                                    "count": 64001,
                                                    "self": 110.75875240001255
                                                }
                                            }
                                        }
                                    }
                                },
                                "workers": {
                                    "total": 2.400792099992909,
                                    "count": 68908,
                                    "self": 0.0,
                                    "children": {
                                        "worker_root": {
                                            "total": 5184.4410126999355,
                                            "count": 68908,
                                            "is_parallel": true,
                                            "self": 2795.4101634999483,