{
    "name": "root",
    "gauges": {
        "Basic.Policy.Entropy.mean": {
            "value": 1.1048545837402344,
            "min": 1.1047829389572144,
            "max": 1.4189270734786987,
            "count": 102
        },
        "Basic.Policy.Entropy.sum": {
            "value": 11030.8681640625,
            "min": 11030.8681640625,
            "max": 14196.9765625,
            "count": 102
        },
        "Basic.Policy.ExtrinsicValueEstimate.mean": {
            "value": 0.10928038507699966,
            "min": -0.015229715965688229,
            "max": 0.16618147492408752,
            "count": 102
        },
        "Basic.Policy.ExtrinsicValueEstimate.sum": {
            "value": 369.03985595703125,
            "min": -51.11092758178711,
            "max": 564.352294921875,
            "count": 102
        },
        "Basic.Environment.EpisodeLength.mean": {
            "value": 93.64485981308411,
            "min": 66.34193548387097,
            "max": 255.0,
            "count": 102
        },
        "Basic.Environment.EpisodeLength.sum": {
            "value": 10020.0,
            "min": 8160.0,
            "max": 12179.0,
            "count": 102
        },
        "Basic.Environment.CumulativeReward.mean": {
            "value": 0.9629942606612344,
            "min": -0.25400090460874597,
            "max": 1.161766651939721,
            "count": 102
        },
        "Basic.Environment.CumulativeReward.sum": {
            "value": 103.04038589075208,
            "min": -12.446044325828552,
            "max": 180.07383105065674,
            "count": 102
        },
        "Basic.Policy.ExtrinsicReward.mean": {
            "value": 0.9629942606612344,
            "min": -0.25400090460874597,
            "max": 1.161766651939721,
            "count": 102
        },
        "Basic.Policy.ExtrinsicReward.sum": {
            "value": 103.04038589075208,
            "min": -12.446044325828552,
            "max": 180.07383105065674,
            "count": 102
        },
        "Basic.Losses.PolicyLoss.mean": {
            "value": 0.0455908819300627,
            "min": 0.04146647224054807,
            "max": 0.06053019587974025,
            "count": 102
        },
        "Basic.Losses.PolicyLoss.sum": {
            "value": 0.1367726457901881,
            "min": 0.08293294448109614,
            "max": 0.16403204802554683,
            "count": 102
        },
        "Basic.Losses.ValueLoss.mean": {
            "value": 0.007483604102162644,
            "min": 1.968644930627761e-05,
            "max": 0.010381569039357904,
            "count": 102
        },
        "Basic.Losses.ValueLoss.sum": {
            "value": 0.022450812306487933,
            "min": 3.937289861255522e-05,
            "max": 0.028748895126530744,
            "count": 102
        },
        "Basic.Policy.LearningRate.mean": {
            "value": 2.8104506257161477e-06,
            "min": 2.8104506257161477e-06,
            "max": 0.00029817890685703127,
            "count": 102
        },
        "Basic.Policy.LearningRate.sum": {
            "value": 8.431351877148443e-06,
            "min": 8.431351877148443e-06,
            "max": 0.0008781755932123047,
            "count": 102
        },
        "Basic.Policy.Epsilon.mean": {
            "value": 0.10093678385416667,
            "min": 0.10093678385416667,
            "max": 0.19939296875,
            "count": 102
        },
        "Basic.Policy.Epsilon.sum": {
            "value": 0.3028103515625,
            "min": 0.20387607421875,
            "max": 0.5927251953125001,
            "count": 102
        },
        "Basic.Policy.Beta.mean": {
            "value": 5.6745514322916714e-05,
            "min": 5.6745514322916714e-05,
            "max": 0.0049697091406250005,
            "count": 102
        },
        "Basic.Policy.Beta.sum": {
            "value": 0.00017023654296875014,
            "min": 0.00017023654296875014,
            "max": 0.01463698724609375,
            "count": 102
        },
        "Basic.IsTraining.mean": {
            "value": 1.0,
            "min": 1.0,
            "max": 1.0,
            "count": 102
        },
        "Basic.IsTraining.sum": {
            "value": 1.0,
            "min": 1.0,
            "max": 1.0,
            "count": 102
        }
    },
    "metadata": {
        "timer_format_version": "0.1.0",
        "start_time_seconds": "1618306040",
        "python_version": "3.8.8 (default, Feb 24 2021, 15:54:32) [MSC v.1928 64 bit (AMD64)]",
        "command_line_arguments": "C:\\Users\\user\\Anaconda3\\envs\\rlnav\\Scripts\\mlagents-learn rlnav/configs/PPO.yaml --env=C:\\Users\\user\\Desktop\\RLNav\\NavigationEnvironments\\P0\\Jump\\Env.exe --run-id=0_Pipeline\\Jump\\PPO\\Run_5 --time-scale=10 --base-port=6405 --width=480 --height=480",
        "mlagents_version": "0.25.0",
        "mlagents_envs_version": "0.25.0",
        "communication_protocol_version": "1.5.0",
        "pytorch_version": "1.8.1+cpu",
        "numpy_version": "1.19.5",
        "end_time_seconds": "1618310027"
    },
    "total": 3986.7190711000003,
    "count": 1,
    "self": 2.515556800000013,
    "children": {
        "run_training.setup": {
            "total": 0.26466569999999967,
            "count": 1,
            "self": 0.26466569999999967
        },
        "TrainerController.start_learning": {
            "total": 3983.9388486000003,
            "count": 1,
            "self": 3.9169882999153742,
            "children": {
                "TrainerController._reset_env": {
                    "total": 13.342906499999998,
                    "count": 1,
                    "self": 13.342906499999998
                },
                "TrainerController.advance": {
                    "total": 3966.476711100085,
                    "count": 70934,
                    "self": 3.465021100166723,
                    "children": {
                        "env_step": {
                            "total": 2161.39424469997,
                            "count": 70934,
                            "self": 2041.8897571999792,
                            "children": {
                                "SubprocessEnvManager._take_step": {
                                    "total": 117.32349430000977,
                                    "count": 70934,
                                    "self": 8.864815800063852,
                                    "children": {
                                        "TorchPolicy.evaluate": {
                                            "total": 108.45867849994592,
                                            "count": 64002,
                                            "self": 18.39654329999584,
                                            "children": {
                                                "TorchPolicy.sample_actions": {
                                                    "total": 90.06213519995008,
                                                    "count": 64002,
                                                    "self": 90.06213519995008
                                                }
                                            }
                                        }
                                    }
                                },
                                "workers": {
                                    "total": 2.180993199981078,
                                    "count": 70934,
                                    "self": 0.0,
                                    "children": {
                                        "worker_root": {
                                            "total": 3965.95508650008,
                                            "count": 70934,
                                            "is_parallel": true,
                                            "self": 2154.8670283001043,