{
    "name": "root",
    "gauges": {
        "Basic.Policy.Entropy.mean": {
            "value": -0.8814131617546082,
            "min": -0.9834169745445251,
            "max": 1.397331714630127,
            "count": 102
        },
        "Basic.Policy.Entropy.sum": {
            "value": -8800.029296875,
            "min": -9834.169921875,
            "max": 14129.818359375,
            "count": 102
        },
        "Basic.Policy.ExtrinsicValue.mean": {
            "value": 0.03670201450586319,
            "min": -0.42698031663894653,
            "max": 0.21618123352527618,
            "count": 102
        },
        "Basic.Policy.ExtrinsicValue.sum": {
            "value": 37.94988250732422,
            "min": -435.9468994140625,
            "max": 224.82847595214844,
            "count": 102
        },
        "Basic.Environment.EpisodeLength.mean": {
            "value": 129.7283950617284,
            "min": 105.55555555555556,
            "max": 255.0,
            "count": 102
        },
        "Basic.Environment.EpisodeLength.sum": {
            "value": 10508.0,
            "min": 8160.0,
            "max": 12255.0,
            "count": 102
        },
        "Basic.Environment.CumulativeReward.mean": {
            "value": 0.7508222806370921,
            "min": -0.4094218479003757,
            "max": 0.9264894232360853,
            "count": 102
        },
        "Basic.Environment.CumulativeReward.sum": {
            "value": 60.81660473160446,
            "min": -17.609922906383872,
            "max": 91.72245290037245,
            "count": 102
        },
        "Basic.Policy.ExtrinsicReward.mean": {
            "value": 0.7508222806370921,
            "min": -0.4094218479003757,
            "max": 0.9264894232360853,
            "count": 102
        },
        "Basic.Policy.ExtrinsicReward.sum": {
            "value": 60.81660473160446,
            "min": -17.609922906383872,
            "max": 91.72245290037245,
            "count": 102
        },
        "Basic.IsTraining.mean": {
            "value": 1.0,
            "min": 1.0,
            "max": 1.0,
            "count": 102
        },
        "Basic.IsTraining.sum": {
            "value": 1.0,
            "min": 1.0,
            "max": 1.0,
            "count": 102
        },
        "Basic.Losses.PolicyLoss.mean": {
            "value": -0.04138901905196447,
            "min": -0.1279364201435934,
            "max": 0.2508597250300767,
            "count": 101
        },
        "Basic.Losses.PolicyLoss.sum": {
            "value": -41.43040807101643,
            "min": -128.064356563737,
            "max": 248.91441898391315,
            "count": 101
        },
        "Basic.Losses.ValueLoss.mean": {
            "value": 2.4243216307884837e-05,
            "min": 2.41853318717441e-05,
            "max": 0.002015806043259701,
            "count": 101
        },
        "Basic.Losses.ValueLoss.sum": {
            "value": 0.024267459524192722,
            "min": 0.02420990806901197,
            "max": 1.9472686377888715,
            "count": 101
        },
        "Basic.Losses.Q1Loss.mean": {
            "value": 0.0005639261191469433,
            "min": 3.147063723799492e-05,
            "max": 0.0023079525370921566,
            "count": 101
        },
        "Basic.Losses.Q1Loss.sum": {
            "value": 0.5644900452660901,
            "min": 0.031313284051804946,
            "max": 2.3194922997776173,
            "count": 101
        },
        "Basic.Losses.Q2Loss.mean": {
            "value": 0.000567991214470641,
            "min": 3.193102447647623e-05,
            "max": 0.002251746641671134,
            "count": 101
        },
        "Basic.Losses.Q2Loss.sum": {
            "value": 0.5685592056851116,
            "min": 0.031771369354093845,
            "max": 2.26300537487949,
            "count": 101
        },
        "Basic.Policy.ContinuousEntropyCoeff.mean": {
            "value": 0.00015729306525746705,
            "min": 7.491230702253232e-05,
            "max": 0.008744355663707876,
            "count": 101
        },
        "Basic.Policy.ContinuousEntropyCoeff.sum": {
            "value": 0.15745035832272453,
            "min": 0.07491230702253232,
            "max": 8.447047571141807,
            "count": 101
        },
        "Basic.Policy.LearningRate.mean": {
            "value": 2.636030572717322e-06,
            "min": 2.636030572717322e-06,
            "max": 0.000295560220812225,
            "count": 101
        },
        "Basic.Policy.LearningRate.sum": {
            "value": 0.002638666603290039,
            "min": 0.002638666603290039,
            "max": 0.2941359024547,
            "count": 101
        }
    },
    "metadata": {
        "timer_format_version": "0.1.0",
        "start_time_seconds": "1618379345",
        "python_version": "3.8.8 (default, Feb 24 2021, 15:54:32) [MSC v.1928 64 bit (AMD64)]",
        "command_line_arguments": "C:\\Users\\user\\Anaconda3\\envs\\rlnav\\Scripts\\mlagents-learn rlnav/configs/SAC.yaml --env=C:\\Users\\user\\Desktop\\RLNav\\NavigationEnvironments\\P0\\Jump\\Env.exe --run-id=0_Pipeline\\Jump93\\SAC\\Run_1 --time-scale=10 --base-port=6811 --width=480 --height=480",
        "mlagents_version": "0.25.0",
        "mlagents_envs_version": "0.25.0",
        "communication_protocol_version": "1.5.0",
        "pytorch_version": "1.8.1+cpu",
        "numpy_version": "1.19.5",
        "end_time_seconds": "1618392283"
    },
    "total": 12937.6799182,
    "count": 1,
    "self": 2.990294700000959,
    "children": {
        "run_training.setup": {
            "total": 0.34042640000000013,
            "count": 1,
            "self": 0.34042640000000013
        },
        "TrainerController.start_learning": {
            "total": 12934.349197099998,
            "count": 1,
            "self": 4.5835468997556745,
            "children": {
                "TrainerController._reset_env": {
                    "total": 8.166934600000001,
                    "count": 1,
                    "self": 8.166934600000001
                },
                "TrainerController.advance": {
                    "total": 12921.343945900244,
                    "count": 69081,
                    "self": 3.8977518003594014,
                    "children": {
                        "env_step": {
                            "total": 2769.3972627000476,
                            "count": 69081,
                            "self": 2604.9459507996544,
                            "children": {
                                "SubprocessEnvManager._take_step": {
                                    "total": 161.9619958000925,
                                    "count": 69081,
                                    "self": 11.668227600128773,
                                    "children": {
                                        "TorchPolicy.evaluate": {
                                            "total": 150.29376819996372,
                                            "count": 64005,
                                            "self": 18.534058499946184,
                                            "children": {
                                                "TorchPolicy.sample_actions": {
                                                    "total": 131.75970970001754,
                                                    "count": 64005,
                                                    "self": 131.75970970001754
                                                }
                                            }
                                        }
                                    }
                                },
                                "workers": {
                                    "total": 2.489316100300794,
                                    "count": 69081,
                                    "self": 0.0,