{
    "name": "root",
    "gauges": {
        "Basic.Policy.Entropy.mean": {
            "value": 1.271725058555603,
            "min": 1.271725058555603,
            "max": 1.4266144037246704,
            "count": 35
        },
        "Basic.Policy.Entropy.sum": {
            "value": 12717.25,
            "min": 12717.25,
            "max": 14269.306640625,
            "count": 35
        },
        "Basic.Policy.ExtrinsicValueEstimate.mean": {
            "value": 0.0537138395011425,
            "min": -0.009474247694015503,
            "max": 0.07726015895605087,
            "count": 35
        },
        "Basic.Policy.ExtrinsicValueEstimate.sum": {
            "value": 180.7470703125,
            "min": -31.786100387573242,
            "max": 260.4440002441406,
            "count": 35
        },
        "Basic.Environment.EpisodeLength.mean": {
            "value": 152.06349206349208,
            "min": 119.0952380952381,
            "max": 255.0,
            "count": 35
        },
        "Basic.Environment.EpisodeLength.sum": {
            "value": 9580.0,
            "min": 8160.0,
            "max": 12251.0,
            "count": 35
        },
        "Basic.Environment.CumulativeReward.mean": {
            "value": 0.5915541713318181,
            "min": -0.2804499033372849,
            "max": 0.8122843765403803,
            "count": 35
        },
        "Basic.Environment.CumulativeReward.sum": {
            "value": 37.26791279390454,
            "min": -12.467326464131474,
            "max": 66.60731887631118,
            "count": 35
        },
        "Basic.Policy.ExtrinsicReward.mean": {
            "value": 0.5915541713318181,
            "min": -0.2804499033372849,
            "max": 0.8122843765403803,
            "count": 35
        },
        "Basic.Policy.ExtrinsicReward.sum": {
            "value": 37.26791279390454,
            "min": -12.467326464131474,
            "max": 66.60731887631118,
            "count": 35
        },
        "Basic.Losses.PolicyLoss.mean": {
            "value": 0.04414523216999239,
            "min": 0.03937274067538965,
            "max": 0.058966746922844024,
            "count": 35
        },
        "Basic.Losses.PolicyLoss.sum": {
            "value": 0.13243569650997716,
            "min": 0.0787454813507793,
            "max": 0.15875144849026884,
            "count": 35
        },
        "Basic.Losses.ValueLoss.mean": {
            "value": 0.0036534604474177793,
            "min": 1.973172406148175e-05,
            "max": 0.006181484707364385,
            "count": 35
        },
        "Basic.Losses.ValueLoss.sum": {
            "value": 0.010960381342253338,
            "min": 3.94634481229635e-05,
            "max": 0.0179869855940827,
            "count": 35
        },
        "Basic.Policy.LearningRate.mean": {
            "value": 0.0001988593110573242,
            "min": 0.0001988593110573242,
            "max": 0.00029817890685703127,
            "count": 35
        },
        "Basic.Policy.LearningRate.sum": {
            "value": 0.0005965779331719726,
            "min": 0.0004037265302682617,
            "max": 0.0008781468822843749,
            "count": 35
        },
        "Basic.Policy.Epsilon.mean": {
            "value": 0.16628642578125,
            "min": 0.16628642578125,
            "max": 0.19939296875,
            "count": 35
        },
        "Basic.Policy.Epsilon.sum": {
            "value": 0.49885927734375,
            "min": 0.33457548828125006,
            "max": 0.5927156250000001,
            "count": 35
        },
        "Basic.Policy.Beta.mean": {
            "value": 0.0033176926464843753,
            "min": 0.0033176926464843753,
            "max": 0.0049697091406250005,
            "count": 35
        },
        "Basic.Policy.Beta.sum": {
            "value": 0.009953077939453126,
            "min": 0.006735316865234376,
            "max": 0.0146365096875,
            "count": 35
        },
        "Basic.IsTraining.mean": {
            "value": 1.0,
            "min": 1.0,
            "max": 1.0,
            "count": 35
        },
        "Basic.IsTraining.sum": {
            "value": 1.0,
            "min": 1.0,
            "max": 1.0,
            "count": 35
        }
    },
    "metadata": {
        "timer_format_version": "0.1.0",
        "start_time_seconds": "1618325969",
        "python_version": "3.8.8 (default, Feb 24 2021, 15:54:32) [MSC v.1928 64 bit (AMD64)]",
        "command_line_arguments": "C:\\Users\\user\\Anaconda3\\envs\\rlnav\\Scripts\\mlagents-learn rlnav/configs/PPO.yaml --env=C:\\Users\\user\\Desktop\\RLNav\\NavigationEnvironments\\P0\\Jump\\Env.exe --run-id=0_Pipeline\\Jump\\PPO\\Run_10 --time-scale=10 --base-port=6410 --width=480 --height=480",
        "mlagents_version": "0.25.0",
        "mlagents_envs_version": "0.25.0",
        "communication_protocol_version": "1.5.0",
        "pytorch_version": "1.8.1+cpu",
        "numpy_version": "1.19.5",
        "end_time_seconds": "1618327339"
    },
    "total": 1369.9443606,
    "count": 1,
    "self": 2.2437169000002086,
    "children": {
        "run_training.setup": {
            "total": 0.26920710000000003,
            "count": 1,
            "self": 0.26920710000000003
        },
        "TrainerController.start_learning": {
            "total": 1367.4314365999999,
            "count": 1,
            "self": 1.2595402999904763,
            "children": {
                "TrainerController._reset_env": {
                    "total": 6.8795925,
                    "count": 1,
                    "self": 6.8795925
                },
                "TrainerController.advance": {
                    "total": 1358.9506904000093,
                    "count": 23474,
                    "self": 1.2159170000340964,
                    "children": {
                        "env_step": {
                            "total": 742.6192002000007,
                            "count": 23474,
                            "self": 701.3820027999799,
                            "children": {
                                "SubprocessEnvManager._take_step": {
                                    "total": 40.523857300009475,
                                    "count": 23474,
                                    "self": 3.060205600012573,
                                    "children": {
                                        "TorchPolicy.evaluate": {
                                            "total": 37.4636516999969,
                                            "count": 21927,
                                            "self": 6.386695300004938,
                                            "children": {
                                                "TorchPolicy.sample_actions": {
                                                    "total": 31.076956399991964,
                                                    "count": 21927,
                                                    "self": 31.076956399991964
                                                }
                                            }
                                        }
                                    }
                                },
                                "workers": {
                                    "total": 0.7133401000113846,
                                    "count": 23474,
                                    "self": 0.0,
                                    "children": {
                                        "worker_root": {
                                            "total": 1358.7453098000026,
                                            "count": 23474,
                                            "is_parallel": true,
                                            "self": 735.3082650000096,
                                            "children": {
                                                "steps_from_proto": {
                                                    "total": 0.001065600000000444,