{
    "name": "root",
    "gauges": {
        "Basic.Policy.Entropy.mean": {
            "value": 1.1503584384918213,
            "min": 1.1501984596252441,
            "max": 1.42067551612854,
            "count": 102
        },
        "Basic.Policy.Entropy.sum": {
            "value": 11521.990234375,
            "min": 11485.31640625,
            "max": 14229.486328125,
            "count": 102
        },
        "Basic.Policy.ExtrinsicValueEstimate.mean": {
            "value": 0.12167597562074661,
            "min": -0.07781897485256195,
            "max": 0.16215361654758453,
            "count": 102
        },
        "Basic.Policy.ExtrinsicValueEstimate.sum": {
            "value": 410.8997802734375,
            "min": -261.0048522949219,
            "max": 550.6737060546875,
            "count": 102
        },
        "Basic.Environment.EpisodeLength.mean": {
            "value": 82.92727272727272,
            "min": 63.5,
            "max": 255.0,
            "count": 102
        },
        "Basic.Environment.EpisodeLength.sum": {
            "value": 9122.0,
            "min": 8160.0,
            "max": 12240.0,
            "count": 102
        },
        "Basic.Environment.CumulativeReward.mean": {
            "value": 1.0884114330719141,
            "min": -0.2913796698364119,
            "max": 1.1531966796014892,
            "count": 102
        },
        "Basic.Environment.CumulativeReward.sum": {
            "value": 119.72525763791054,
            "min": -13.98622415214777,
            "max": 175.0415166867897,
            "count": 102
        },
        "Basic.Policy.ExtrinsicReward.mean": {
            "value": 1.0884114330719141,
            "min": -0.2913796698364119,
            "max": 1.1531966796014892,
            "count": 102
        },
        "Basic.Policy.ExtrinsicReward.sum": {
            "value": 119.72525763791054,
            "min": -13.98622415214777,
            "max": 175.0415166867897,
            "count": 102
        },
        "Basic.Losses.PolicyLoss.mean": {
            "value": 0.050508333600899076,
            "min": 0.03986297067020435,
            "max": 0.057041906488545166,
            "count": 102
        },
        "Basic.Losses.PolicyLoss.sum": {
            "value": 0.15152500080269724,
            "min": 0.0797259413404087,
            "max": 0.16515319049358368,
            "count": 102
        },
        "Basic.Losses.ValueLoss.mean": {
            "value": 0.007729880807649654,
            "min": 2.4815367093348563e-05,
            "max": 0.009403872902718529,
            "count": 102
        },
        "Basic.Losses.ValueLoss.sum": {
            "value": 0.023189642422948964,
            "min": 4.9630734186697126e-05,
            "max": 0.02781159183844769,
            "count": 102
        },
        "Basic.Policy.LearningRate.mean": {
            "value": 2.855567798177084e-06,
            "min": 2.855567798177084e-06,
            "max": 0.00029817890685703127,
            "count": 102
        },
        "Basic.Policy.LearningRate.sum": {
            "value": 8.566703394531252e-06,
            "min": 8.566703394531252e-06,
            "max": 0.0008781468822843749,
            "count": 102
        },
        "Basic.Policy.Epsilon.mean": {
            "value": 0.10095182291666667,
            "min": 0.10095182291666667,
            "max": 0.19939296875,
            "count": 102
        },
        "Basic.Policy.Epsilon.sum": {
            "value": 0.30285546875,
            "min": 0.2039078125,
            "max": 0.5927156250000001,
            "count": 102
        },
        "Basic.Policy.Beta.mean": {
            "value": 5.7495963541666686e-05,
            "min": 5.7495963541666686e-05,
            "max": 0.0049697091406250005,
            "count": 102
        },
        "Basic.Policy.Beta.sum": {
            "value": 0.00017248789062500005,
            "min": 0.00017248789062500005,
            "max": 0.0146365096875,
            "count": 102
        },
        "Basic.IsTraining.mean": {
            "value": 1.0,
            "min": 1.0,
            "max": 1.0,
            "count": 102
        },
        "Basic.IsTraining.sum": {
            "value": 1.0,
            "min": 1.0,
            "max": 1.0,
            "count": 102
        }
    },
    "metadata": {
        "timer_format_version": "0.1.0",
        "start_time_seconds": "1618302048",
        "python_version": "3.8.8 (default, Feb 24 2021, 15:54:32) [MSC v.1928 64 bit (AMD64)]",
        "command_line_arguments": "C:\\Users\\user\\Anaconda3\\envs\\rlnav\\Scripts\\mlagents-learn rlnav/configs/PPO.yaml --env=C:\\Users\\user\\Desktop\\RLNav\\NavigationEnvironments\\P0\\Jump\\Env.exe --run-id=0_Pipeline\\Jump\\PPO\\Run_4 --time-scale=10 --base-port=6404 --width=480 --height=480",
        "mlagents_version": "0.25.0",
        "mlagents_envs_version": "0.25.0",
        "communication_protocol_version": "1.5.0",
        "pytorch_version": "1.8.1+cpu",
        "numpy_version": "1.19.5",
        "end_time_seconds": "1618306037"
    },
    "total": 3989.0837895,
    "count": 1,
    "self": 2.719592300000386,
    "children": {
        "run_training.setup": {
            "total": 0.2663709000000001,
            "count": 1,
            "self": 0.2663709000000001
        },
        "TrainerController.start_learning": {
            "total": 3986.0978262999997,
            "count": 1,
            "self": 3.9790476999733073,
            "children": {
                "TrainerController._reset_env": {
                    "total": 6.9189443,
                    "count": 1,
                    "self": 6.9189443
                },
                "TrainerController.advance": {
                    "total": 3975.016888500026,
                    "count": 70930,
                    "self": 3.4972744999899987,
                    "children": {
                        "env_step": {
                            "total": 2170.907392800007,
                            "count": 70930,
                            "self": 2051.9418934999726,
                            "children": {
                                "SubprocessEnvManager._take_step": {
                                    "total": 116.80579800000748,
                                    "count": 70930,
                                    "self": 8.83417259998572,
                                    "children": {
                                        "TorchPolicy.evaluate": {
                                            "total": 107.97162540002176,
                                            "count": 64001,
                                            "self": 18.127109399997124,
                                            "children": {
                                                "TorchPolicy.sample_actions": {
                                                    "total": 89.84451600002464,
                                                    "count": 64001,
                                                    "self": 89.84451600002464
                                                }
                                            }
                                        }
                                    }
                                },
                                "workers": {
                                    "total": 2.1597013000269865,
                                    "count": 70930,
                                    "self": 0.0,
                                    "children": {
                                        "worker_root": {
                                            "total": 3974.5019004999426,
                                            "count": 70930,
                                            "is_parallel": true,
                                            "self": 2153.6624616999707,