{
    "name": "root",
    "gauges": {
        "Basic.Policy.Entropy.mean": {
            "value": -1.4515659809112549,
            "min": -1.7539576292037964,
            "max": 1.417736530303955,
            "count": 191
        },
        "Basic.Policy.Entropy.sum": {
            "value": -14492.4345703125,
            "min": -17539.576171875,
            "max": 14336.15234375,
            "count": 191
        },
        "Basic.Policy.ExtrinsicValue.mean": {
            "value": 0.2674257159233093,
            "min": -0.2081092894077301,
            "max": 0.3220473825931549,
            "count": 191
        },
        "Basic.Policy.ExtrinsicValue.sum": {
            "value": 278.9250183105469,
            "min": -213.9363555908203,
            "max": 336.861572265625,
            "count": 191
        },
        "Basic.Environment.EpisodeLength.mean": {
            "value": 95.77450980392157,
            "min": 93.38888888888889,
            "max": 255.0,
            "count": 191
        },
        "Basic.Environment.EpisodeLength.sum": {
            "value": 9769.0,
            "min": 8160.0,
            "max": 12327.0,
            "count": 191
        },
        "Basic.Environment.CumulativeReward.mean": {
            "value": 0.9742677749371996,
            "min": -0.3980374194073434,
            "max": 1.0107962690742203,
            "count": 191
        },
        "Basic.Environment.CumulativeReward.sum": {
            "value": 99.37531304359436,
            "min": -19.503833550959826,
            "max": 109.1659970600158,
            "count": 191
        },
        "Basic.Policy.ExtrinsicReward.mean": {
            "value": 0.9742677749371996,
            "min": -0.3980374194073434,
            "max": 1.0107962690742203,
            "count": 191
        },
        "Basic.Policy.ExtrinsicReward.sum": {
            "value": 99.37531304359436,
            "min": -19.503833550959826,
            "max": 109.1659970600158,
            "count": 191
        },
        "Basic.IsTraining.mean": {
            "value": 1.0,
            "min": 1.0,
            "max": 1.0,
            "count": 191
        },
        "Basic.IsTraining.sum": {
            "value": 1.0,
            "min": 1.0,
            "max": 1.0,
            "count": 191
        },
        "Basic.Losses.PolicyLoss.mean": {
            "value": -0.17875476510748267,
            "min": -0.2133459108131187,
            "max": 0.10380484810755862,
            "count": 190
        },
        "Basic.Losses.PolicyLoss.sum": {
            "value": -178.75476510748268,
            "min": -213.1325649023056,
            "max": 103.90865295566618,
            "count": 190
        },
        "Basic.Losses.ValueLoss.mean": {
            "value": 3.412567756034454e-05,
            "min": 2.768031262901288e-05,
            "max": 0.0037011642746090944,
            "count": 190
        },
        "Basic.Losses.ValueLoss.sum": {
            "value": 0.034125677560344535,
            "min": 0.027735673254270905,
            "max": 3.575324689272385,
            "count": 190
        },
        "Basic.Losses.Q1Loss.mean": {
            "value": 0.00018556023979969419,
            "min": 0.00016102372018685857,
            "max": 0.003510221795110462,
            "count": 190
        },
        "Basic.Losses.Q1Loss.sum": {
            "value": 0.1855602397996942,
            "min": 0.16102372018685857,
            "max": 3.390874254076706,
            "count": 190
        },
        "Basic.Losses.Q2Loss.mean": {
            "value": 0.0001848957391721342,
            "min": 0.00015959308738893013,
            "max": 0.0035925369170697634,
            "count": 190
        },
        "Basic.Losses.Q2Loss.sum": {
            "value": 0.1848957391721342,
            "min": 0.15959308738893013,
            "max": 3.4703906618893914,
            "count": 190
        },
        "Basic.Policy.ContinuousEntropyCoeff.mean": {
            "value": 5.085214348758503e-05,
            "min": 3.747311661857869e-05,
            "max": 0.008708853404515162,
            "count": 190
        },
        "Basic.Policy.ContinuousEntropyCoeff.sum": {
            "value": 0.05085214348758503,
            "min": 0.03747311661857869,
            "max": 8.412752388761646,
            "count": 190
        },
        "Basic.Policy.LearningRate.mean": {
            "value": 0.0001862456688894606,
            "min": 0.0001862456688894606,
            "max": 0.00029909507685344714,
            "count": 190
        },
        "Basic.Policy.LearningRate.sum": {
            "value": 0.1862456688894606,
            "min": 0.1862456688894606,
            "max": 0.2999990374429961,
            "count": 190
        }
    },
    "metadata": {
        "timer_format_version": "0.1.0",
        "start_time_seconds": "1618376274",
        "python_version": "3.8.8 (default, Feb 24 2021, 15:54:32) [MSC v.1928 64 bit (AMD64)]",
        "command_line_arguments": "C:\\Users\\user\\Anaconda3\\envs\\rlnav\\Scripts\\mlagents-learn rlnav/configs/SAC_Big.yaml --env=C:\\Users\\user\\Desktop\\RLNav\\NavigationEnvironments\\P0\\Jump\\Env.exe --run-id=0_Pipeline\\Jump93\\SAC_Big\\Run_0 --time-scale=10 --base-port=6000 --width=480 --height=480",
        "mlagents_version": "0.25.0",
        "mlagents_envs_version": "0.25.0",
        "communication_protocol_version": "1.5.0",
        "pytorch_version": "1.8.1+cpu",
        "numpy_version": "1.19.5",
        "end_time_seconds": "1618413531"
    },
    "total": 37257.139827399995,
    "count": 1,
    "self": 2.2986404999901424,
    "children": {
        "run_training.setup": {
            "total": 0.3646834000000001,
            "count": 1,
            "self": 0.3646834000000001
        },
        "TrainerController.start_learning": {
            "total": 37254.4765035,
            "count": 1,
            "self": 8.29240469951037,
            "children": {
                "TrainerController._reset_env": {
                    "total": 8.3033215,
                    "count": 1,
                    "self": 8.3033215
                },
                "TrainerController.advance": {
                    "total": 37237.68160390049,
                    "count": 130453,
                    "self": 7.085521600063657,
                    "children": {
                        "env_step": {
                            "total": 5037.832143300842,
                            "count": 130453,
                            "self": 4713.061396000534,
                            "children": {
                                "SubprocessEnvManager._take_step": {
                                    "total": 320.2190645006393,
                                    "count": 130453,
                                    "self": 21.30480760006793,
                                    "children": {
                                        "TorchPolicy.evaluate": {
                                            "total": 298.9142569005714,
                                            "count": 119566,
                                            "self": 33.50890470001724,
                                            "children": {
                                                "TorchPolicy.sample_actions": {
                                                    "total": 265.40535220055415,
                                                    "count": 119566,
                                                    "self": 265.40535220055415
                                                }
                                            }
                                        }
                                    }
                                },
                                "workers": {
                                    "total": 4.551682799669178,
                                    "count": 130453,
                                    "self": 0.0,