{
    "name": "root",
    "gauges": {
        "Basic.Policy.Entropy.mean": {
            "value": -0.42394039034843445,
            "min": -0.6556338667869568,
            "max": 1.0593290328979492,
            "count": 21
        },
        "Basic.Policy.Entropy.sum": {
            "value": -21197.01953125,
            "min": -32792.18359375,
            "max": 53085.09375,
            "count": 21
        },
        "Basic.Policy.ExtrinsicValue.mean": {
            "value": -0.01556041557341814,
            "min": -0.1612524837255478,
            "max": 0.030893487855792046,
            "count": 21
        },
        "Basic.Policy.ExtrinsicValue.sum": {
            "value": -80.27618408203125,
            "min": -825.6127319335938,
            "max": 158.4835968017578,
            "count": 21
        },
        "Basic.Environment.EpisodeLength.mean": {
            "value": 129.5181347150259,
            "min": 125.54545454545455,
            "max": 254.77083333333334,
            "count": 21
        },
        "Basic.Environment.EpisodeLength.sum": {
            "value": 49994.0,
            "min": 48916.0,
            "max": 50547.0,
            "count": 21
        },
        "Basic.Environment.CumulativeReward.mean": {
            "value": 0.7688952662832456,
            "min": -0.3016053210400666,
            "max": 0.8389400618828156,
            "count": 21
        },
        "Basic.Environment.CumulativeReward.sum": {
            "value": 296.7935727853328,
            "min": -57.90822163969278,
            "max": 332.22026450559497,
            "count": 21
        },
        "Basic.Policy.ExtrinsicReward.mean": {
            "value": 0.7688952662832456,
            "min": -0.3016053210400666,
            "max": 0.8389400618828156,
            "count": 21
        },
        "Basic.Policy.ExtrinsicReward.sum": {
            "value": 296.7935727853328,
            "min": -57.90822163969278,
            "max": 332.22026450559497,
            "count": 21
        },
        "Basic.Losses.PolicyLoss.mean": {
            "value": -0.009003275142078443,
            "min": -0.023445595335776285,
            "max": 0.17907249148390833,
            "count": 21
        },
        "Basic.Losses.PolicyLoss.sum": {
            "value": -45.01637571039221,
            "min": -117.22797667888142,
            "max": 895.3624574195417,
            "count": 21
        },
        "Basic.Losses.ValueLoss.mean": {
            "value": 9.942897468844119e-05,
            "min": 9.942897468844119e-05,
            "max": 0.0011076473211721358,
            "count": 21
        },
        "Basic.Losses.ValueLoss.sum": {
            "value": 0.4971448734422059,
            "min": 0.4971448734422059,
            "max": 4.398467512374551,
            "count": 21
        },
        "Basic.Losses.Q1Loss.mean": {
            "value": 0.0004983114316012021,
            "min": 0.0003610047379840345,
            "max": 0.0013176144438213366,
            "count": 21
        },
        "Basic.Losses.Q1Loss.sum": {
            "value": 2.4915571580060107,
            "min": 1.8053846946581567,
            "max": 5.232246956414528,
            "count": 21
        },
        "Basic.Losses.Q2Loss.mean": {
            "value": 0.0004954896541062529,
            "min": 0.0003576549630069304,
            "max": 0.001547790485557069,
            "count": 21
        },
        "Basic.Losses.Q2Loss.sum": {
            "value": 2.4774482705312644,
            "min": 1.7886324699976588,
            "max": 6.146276018147121,
            "count": 21
        },
        "Basic.Policy.ContinuousEntropyCoeff.mean": {
            "value": 0.00010470161904098254,
            "min": 4.3236678715134446e-05,
            "max": 0.0059436181091710154,
            "count": 21
        },
        "Basic.Policy.ContinuousEntropyCoeff.sum": {
            "value": 0.5235080952049127,
            "min": 0.2161401568969571,
            "max": 23.602107511518103,
            "count": 21
        },
        "Basic.Policy.LearningRate.mean": {
            "value": 0.00023849950818417075,
            "min": 0.00023849950818417075,
            "max": 0.00029818928074459573,
            "count": 21
        },
        "Basic.Policy.LearningRate.sum": {
            "value": 1.1924975409208538,
            "min": 1.1841096338367896,
            "max": 1.4780883300638923,
            "count": 21
        },
        "Basic.IsTraining.mean": {
            "value": 1.0,
            "min": 1.0,
            "max": 1.0,
            "count": 21
        },
        "Basic.IsTraining.sum": {
            "value": 1.0,
            "min": 1.0,
            "max": 1.0,
            "count": 21
        }
    },
    "metadata": {
        "timer_format_version": "0.1.0",
        "start_time_seconds": "1618489868",
        "python_version": "3.8.8 (default, Feb 24 2021, 15:54:32) [MSC v.1928 64 bit (AMD64)]",
        "command_line_arguments": "C:\\Users\\user\\Anaconda3\\envs\\rlnav\\Scripts\\mlagents-learn rlnav/configs/SAC_512.yaml --env=C:\\Users\\user\\Desktop\\RLNav\\NavigationEnvironments\\P0\\Jump93_NoPBRS\\Env.exe --run-id=0_Pipeline\\Jump93_NoPBRS\\SAC_512\\Run_0 --time-scale=10 --base-port=6700 --width=480 --height=480 --torch-device=cuda",
        "mlagents_version": "0.25.0",
        "mlagents_envs_version": "0.25.0",
        "communication_protocol_version": "1.5.0",
        "pytorch_version": "1.8.1",
        "numpy_version": "1.19.2",
        "end_time_seconds": "1618498316"
    },
    "total": 8447.9452284,
    "count": 1,
    "self": 2.3214380999997957,
    "children": {
        "run_training.setup": {
            "total": 0.2558836000000002,
            "count": 1,
            "self": 0.2558836000000002
        },
        "TrainerController.start_learning": {
            "total": 8445.3679067,
            "count": 1,
            "self": 3.1696728000624717,
            "children": {
                "TrainerController._reset_env": {
                    "total": 17.4783418,
                    "count": 1,
                    "self": 17.4783418
                },
                "TrainerController.advance": {
                    "total": 8424.527316699936,
                    "count": 70929,
                    "self": 2.4931571000270196,
                    "children": {
                        "env_step": {
                            "total": 2668.1145224999873,
                            "count": 70929,
                            "self": 2449.9476507000163,
                            "children": {
                                "SubprocessEnvManager._take_step": {
                                    "total": 216.52034719999028,
                                    "count": 70929,
                                    "self": 8.40227879990735,
                                    "children": {
                                        "TorchPolicy.evaluate": {
                                            "total": 208.11806840008293,
                                            "count": 66821,
                                            "self": 80.74633750016964,
                                            "children": {
                                                "TorchPolicy.sample_actions": {
                                                    "total": 127.37173089991329,
                                                    "count": 66820,
                                                    "self": 127.37173089991329
                                                }
                                            }
                                        }
                                    }
                                },
                                "workers": {
                                    "total": 1.6465245999808857,
                                    "count": 70928,
                                    "self": 0.0,