{
    "name": "root",
    "gauges": {
        "Basic.Policy.Entropy.mean": {
            "value": 1.109020709991455,
            "min": 1.109020709991455,
            "max": 1.419668197631836,
            "count": 102
        },
        "Basic.Policy.Entropy.sum": {
            "value": 11072.462890625,
            "min": 11072.462890625,
            "max": 14219.396484375,
            "count": 102
        },
        "Basic.Policy.ExtrinsicValueEstimate.mean": {
            "value": 0.12301576882600784,
            "min": 0.009620035998523235,
            "max": 0.21787454187870026,
            "count": 102
        },
        "Basic.Policy.ExtrinsicValueEstimate.sum": {
            "value": 415.42425537109375,
            "min": 32.31370162963867,
            "max": 730.751220703125,
            "count": 102
        },
        "Basic.Environment.EpisodeLength.mean": {
            "value": 76.05,
            "min": 64.27702702702703,
            "max": 255.0,
            "count": 102
        },
        "Basic.Environment.EpisodeLength.sum": {
            "value": 9126.0,
            "min": 8160.0,
            "max": 12240.0,
            "count": 102
        },
        "Basic.Environment.CumulativeReward.mean": {
            "value": 1.1223185730787615,
            "min": -0.2967241331370491,
            "max": 1.1589908516238423,
            "count": 102
        },
        "Basic.Environment.CumulativeReward.sum": {
            "value": 134.67822876945138,
            "min": -13.813877046108246,
            "max": 190.69488397799432,
            "count": 102
        },
        "Basic.Policy.ExtrinsicReward.mean": {
            "value": 1.1223185730787615,
            "min": -0.2967241331370491,
            "max": 1.1589908516238423,
            "count": 102
        },
        "Basic.Policy.ExtrinsicReward.sum": {
            "value": 134.67822876945138,
            "min": -13.813877046108246,
            "max": 190.69488397799432,
            "count": 102
        },
        "Basic.Losses.PolicyLoss.mean": {
            "value": 0.046163366058964234,
            "min": 0.03970914505710728,
            "max": 0.05790961661781087,
            "count": 102
        },
        "Basic.Losses.PolicyLoss.sum": {
            "value": 0.1384900981768927,
            "min": 0.07941829011421456,
            "max": 0.16608417847358697,
            "count": 102
        },
        "Basic.Losses.ValueLoss.mean": {
            "value": 0.008260634139231924,
            "min": 0.00021209978012848296,
            "max": 0.010013162648344101,
            "count": 102
        },
        "Basic.Losses.ValueLoss.sum": {
            "value": 0.024781902417695772,
            "min": 0.0004241995602569659,
            "max": 0.028852254181401804,
            "count": 102
        },
        "Basic.Policy.LearningRate.mean": {
            "value": 2.7343764323242214e-06,
            "min": 2.7343764323242214e-06,
            "max": 0.00029817890685703127,
            "count": 102
        },
        "Basic.Policy.LearningRate.sum": {
            "value": 8.203129296972664e-06,
            "min": 8.203129296972664e-06,
            "max": 0.0008781468822843749,
            "count": 102
        },
        "Basic.Policy.Epsilon.mean": {
            "value": 0.10091142578125001,
            "min": 0.10091142578125001,
            "max": 0.19939296875,
            "count": 102
        },
        "Basic.Policy.Epsilon.sum": {
            "value": 0.30273427734375,
            "min": 0.20382763671874998,
            "max": 0.5927156250000001,
            "count": 102
        },
        "Basic.Policy.Beta.mean": {
            "value": 5.548014648437504e-05,
            "min": 5.548014648437504e-05,
            "max": 0.0049697091406250005,
            "count": 102
        },
        "Basic.Policy.Beta.sum": {
            "value": 0.00016644043945312513,
            "min": 0.00016644043945312513,
            "max": 0.0146365096875,
            "count": 102
        },
        "Basic.IsTraining.mean": {
            "value": 1.0,
            "min": 1.0,
            "max": 1.0,
            "count": 102
        },
        "Basic.IsTraining.sum": {
            "value": 1.0,
            "min": 1.0,
            "max": 1.0,
            "count": 102
        }
    },
    "metadata": {
        "timer_format_version": "0.1.0",
        "start_time_seconds": "1618321977",
        "python_version": "3.8.8 (default, Feb 24 2021, 15:54:32) [MSC v.1928 64 bit (AMD64)]",
        "command_line_arguments": "C:\\Users\\user\\Anaconda3\\envs\\rlnav\\Scripts\\mlagents-learn rlnav/configs/PPO.yaml --env=C:\\Users\\user\\Desktop\\RLNav\\NavigationEnvironments\\P0\\Jump\\Env.exe --run-id=0_Pipeline\\Jump\\PPO\\Run_9 --time-scale=10 --base-port=6409 --width=480 --height=480",
        "mlagents_version": "0.25.0",
        "mlagents_envs_version": "0.25.0",
        "communication_protocol_version": "1.5.0",
        "pytorch_version": "1.8.1+cpu",
        "numpy_version": "1.19.5",
        "end_time_seconds": "1618325966"
    },
    "total": 3988.9407911,
    "count": 1,
    "self": 2.515884900000401,
    "children": {
        "run_training.setup": {
            "total": 0.2873344999999996,
            "count": 1,
            "self": 0.2873344999999996
        },
        "TrainerController.start_learning": {
            "total": 3986.1375716999996,
            "count": 1,
            "self": 3.8335126000774835,
            "children": {
                "TrainerController._reset_env": {
                    "total": 6.907505,
                    "count": 1,
                    "self": 6.907505
                },
                "TrainerController.advance": {
                    "total": 3975.212564799922,
                    "count": 71269,
                    "self": 3.456643500025166,
                    "children": {
                        "env_step": {
                            "total": 2175.96798899994,
                            "count": 71269,
                            "self": 2056.5060571998943,
                            "children": {
                                "SubprocessEnvManager._take_step": {
                                    "total": 117.2789549000388,
                                    "count": 71269,
                                    "self": 8.865474500048862,
                                    "children": {
                                        "TorchPolicy.evaluate": {
                                            "total": 108.41348039998994,
                                            "count": 64002,
                                            "self": 18.34240199987478,
                                            "children": {
                                                "TorchPolicy.sample_actions": {
                                                    "total": 90.07107840011516,
                                                    "count": 64002,
                                                    "self": 90.07107840011516
                                                }
                                            }
                                        }
                                    }
                                },
                                "workers": {
                                    "total": 2.1829769000070076,
                                    "count": 71269,
                                    "self": 0.0,
                                    "children": {
                                        "worker_root": {
                                            "total": 3974.5436770000397,
                                            "count": 71269,
                                            "is_parallel": true,
                                            "self": 2148.1799369000323,