{
    "name": "root",
    "gauges": {
        "Basic.Policy.Entropy.mean": {
            "value": 1.1211715936660767,
            "min": 1.1211715936660767,
            "max": 1.4196364879608154,
            "count": 102
        },
        "Basic.Policy.Entropy.sum": {
            "value": 11229.6552734375,
            "min": 11194.576171875,
            "max": 14219.0791015625,
            "count": 102
        },
        "Basic.Policy.ExtrinsicValueEstimate.mean": {
            "value": 0.04146401584148407,
            "min": -0.05725078657269478,
            "max": 0.06803315877914429,
            "count": 102
        },
        "Basic.Policy.ExtrinsicValueEstimate.sum": {
            "value": 139.73373413085938,
            "min": -192.01913452148438,
            "max": 229.54388427734375,
            "count": 102
        },
        "Basic.Environment.EpisodeLength.mean": {
            "value": 126.69736842105263,
            "min": 113.2,
            "max": 255.0,
            "count": 102
        },
        "Basic.Environment.EpisodeLength.sum": {
            "value": 9629.0,
            "min": 8160.0,
            "max": 12240.0,
            "count": 102
        },
        "Basic.Environment.CumulativeReward.mean": {
            "value": 0.7220274492313987,
            "min": -0.29532156071879645,
            "max": 0.8087652070538663,
            "count": 102
        },
        "Basic.Environment.CumulativeReward.sum": {
            "value": 54.874086141586304,
            "min": -11.953125,
            "max": 69.26209522970021,
            "count": 102
        },
        "Basic.Policy.ExtrinsicReward.mean": {
            "value": 0.7220274492313987,
            "min": -0.29532156071879645,
            "max": 0.8087652070538663,
            "count": 102
        },
        "Basic.Policy.ExtrinsicReward.sum": {
            "value": 54.874086141586304,
            "min": -11.953125,
            "max": 69.26209522970021,
            "count": 102
        },
        "Basic.Losses.PolicyLoss.mean": {
            "value": 0.05078326177600603,
            "min": 0.04118315795540184,
            "max": 0.057694941646332154,
            "count": 102
        },
        "Basic.Losses.PolicyLoss.sum": {
            "value": 0.1523497853280181,
            "min": 0.08236631591080368,
            "max": 0.16410890328491706,
            "count": 102
        },
        "Basic.Losses.ValueLoss.mean": {
            "value": 0.0033885788815395143,
            "min": 3.560399374435974e-06,
            "max": 0.005851962132106159,
            "count": 102
        },
        "Basic.Losses.ValueLoss.sum": {
            "value": 0.010165736644618542,
            "min": 7.120798748871948e-06,
            "max": 0.017555886396318478,
            "count": 102
        },
        "Basic.Policy.LearningRate.mean": {
            "value": 2.6677748920247406e-06,
            "min": 2.6677748920247406e-06,
            "max": 0.00029817890685703127,
            "count": 102
        },
        "Basic.Policy.LearningRate.sum": {
            "value": 8.003324676074222e-06,
            "min": 8.003324676074222e-06,
            "max": 0.0008781468822843749,
            "count": 102
        },
        "Basic.Policy.Epsilon.mean": {
            "value": 0.10088922526041667,
            "min": 0.10088922526041667,
            "max": 0.19939296875,
            "count": 102
        },
        "Basic.Policy.Epsilon.sum": {
            "value": 0.30266767578125003,
            "min": 0.20378671875,
            "max": 0.5927156250000001,
            "count": 102
        },
        "Basic.Policy.Beta.mean": {
            "value": 5.4372340494791684e-05,
            "min": 5.4372340494791684e-05,
            "max": 0.0049697091406250005,
            "count": 102
        },
        "Basic.Policy.Beta.sum": {
            "value": 0.00016311702148437505,
            "min": 0.00016311702148437505,
            "max": 0.0146365096875,
            "count": 102
        },
        "Basic.IsTraining.mean": {
            "value": 1.0,
            "min": 1.0,
            "max": 1.0,
            "count": 102
        },
        "Basic.IsTraining.sum": {
            "value": 1.0,
            "min": 1.0,
            "max": 1.0,
            "count": 102
        }
    },
    "metadata": {
        "timer_format_version": "0.1.0",
        "start_time_seconds": "1618298153",
        "python_version": "3.8.8 (default, Feb 24 2021, 15:54:32) [MSC v.1928 64 bit (AMD64)]",
        "command_line_arguments": "C:\\Users\\user\\Anaconda3\\envs\\rlnav\\Scripts\\mlagents-learn rlnav/configs/PPO.yaml --env=C:\\Users\\user\\Desktop\\RLNav\\NavigationEnvironments\\P0\\Jump\\Env.exe --run-id=0_Pipeline\\Jump\\PPO\\Run_3 --time-scale=10 --base-port=6403 --width=480 --height=480",
        "mlagents_version": "0.25.0",
        "mlagents_envs_version": "0.25.0",
        "communication_protocol_version": "1.5.0",
        "pytorch_version": "1.8.1+cpu",
        "numpy_version": "1.19.5",
        "end_time_seconds": "1618302045"
    },
    "total": 3892.0339768,
    "count": 1,
    "self": 2.559366400000272,
    "children": {
        "run_training.setup": {
            "total": 0.2585945999999999,
            "count": 1,
            "self": 0.2585945999999999
        },
        "TrainerController.start_learning": {
            "total": 3889.2160157999997,
            "count": 1,
            "self": 3.710122399982538,
            "children": {
                "TrainerController._reset_env": {
                    "total": 6.6352893,
                    "count": 1,
                    "self": 6.6352893
                },
                "TrainerController.advance": {
                    "total": 3878.6636600000174,
                    "count": 69054,
                    "self": 3.391707600074369,
                    "children": {
                        "env_step": {
                            "total": 2109.638351999962,
                            "count": 69054,
                            "self": 1992.4377396000477,
                            "children": {
                                "SubprocessEnvManager._take_step": {
                                    "total": 115.10742899997865,
                                    "count": 69054,
                                    "self": 8.67146129999486,
                                    "children": {
                                        "TorchPolicy.evaluate": {
                                            "total": 106.43596769998379,
                                            "count": 64001,
                                            "self": 18.08585059999652,
                                            "children": {
                                                "TorchPolicy.sample_actions": {
                                                    "total": 88.35011709998727,
                                                    "count": 64001,
                                                    "self": 88.35011709998727
                                                }
                                            }
                                        }
                                    }
                                },
                                "workers": {
                                    "total": 2.093183399935702,
                                    "count": 69054,
                                    "self": 0.0,
                                    "children": {
                                        "worker_root": {
                                            "total": 3878.2626891000377,
                                            "count": 69054,
                                            "is_parallel": true,
                                            "self": 2110.912662600035,