{
    "name": "root",
    "gauges": {
        "Basic.Policy.Entropy.mean": {
            "value": 1.1671032905578613,
            "min": 1.1671032905578613,
            "max": 1.4217287302017212,
            "count": 102
        },
        "Basic.Policy.Entropy.sum": {
            "value": 11689.7060546875,
            "min": 11657.4873046875,
            "max": 14240.03515625,
            "count": 102
        },
        "Basic.Policy.ExtrinsicValueEstimate.mean": {
            "value": 0.03215492516756058,
            "min": -0.08191879093647003,
            "max": 0.0799204632639885,
            "count": 102
        },
        "Basic.Policy.ExtrinsicValueEstimate.sum": {
            "value": 108.32994842529297,
            "min": -274.755615234375,
            "max": 269.01226806640625,
            "count": 102
        },
        "Basic.Environment.EpisodeLength.mean": {
            "value": 150.9375,
            "min": 117.56818181818181,
            "max": 255.0,
            "count": 102
        },
        "Basic.Environment.EpisodeLength.sum": {
            "value": 9660.0,
            "min": 8160.0,
            "max": 12240.0,
            "count": 102
        },
        "Basic.Environment.CumulativeReward.mean": {
            "value": 0.5510564126307145,
            "min": -0.2526823469635212,
            "max": 0.8292296597113212,
            "count": 102
        },
        "Basic.Environment.CumulativeReward.sum": {
            "value": 35.26761040836573,
            "min": -11.953125,
            "max": 68.72108086012304,
            "count": 102
        },
        "Basic.Policy.ExtrinsicReward.mean": {
            "value": 0.5510564126307145,
            "min": -0.2526823469635212,
            "max": 0.8292296597113212,
            "count": 102
        },
        "Basic.Policy.ExtrinsicReward.sum": {
            "value": 35.26761040836573,
            "min": -11.953125,
            "max": 68.72108086012304,
            "count": 102
        },
        "Basic.Losses.PolicyLoss.mean": {
            "value": 0.05143416725210651,
            "min": 0.04090314950964727,
            "max": 0.05706091370908932,
            "count": 102
        },
        "Basic.Losses.PolicyLoss.sum": {
            "value": 0.15430250175631954,
            "min": 0.08478068519495233,
            "max": 0.1696399859926411,
            "count": 102
        },
        "Basic.Losses.ValueLoss.mean": {
            "value": 0.002807059542950204,
            "min": 2.228300137987718e-06,
            "max": 0.0066274555255303215,
            "count": 102
        },
        "Basic.Losses.ValueLoss.sum": {
            "value": 0.008421178628850612,
            "min": 6.684900413963153e-06,
            "max": 0.019882366576590964,
            "count": 102
        },
        "Basic.Policy.LearningRate.mean": {
            "value": 2.8272474951171923e-06,
            "min": 2.8272474951171923e-06,
            "max": 0.00029817890685703127,
            "count": 102
        },
        "Basic.Policy.LearningRate.sum": {
            "value": 8.481742485351577e-06,
            "min": 8.481742485351577e-06,
            "max": 0.0008781468822843749,
            "count": 102
        },
        "Basic.Policy.Epsilon.mean": {
            "value": 0.10094238281250001,
            "min": 0.10094238281250001,
            "max": 0.19939296875,
            "count": 102
        },
        "Basic.Policy.Epsilon.sum": {
            "value": 0.3028271484375,
            "min": 0.20388818359375,
            "max": 0.5927156250000001,
            "count": 102
        },
        "Basic.Policy.Beta.mean": {
            "value": 5.702490234375009e-05,
            "min": 5.702490234375009e-05,
            "max": 0.0049697091406250005,
            "count": 102
        },
        "Basic.Policy.Beta.sum": {
            "value": 0.00017107470703125026,
            "min": 0.00017107470703125026,
            "max": 0.0146365096875,
            "count": 102
        },
        "Basic.IsTraining.mean": {
            "value": 1.0,
            "min": 1.0,
            "max": 1.0,
            "count": 102
        },
        "Basic.IsTraining.sum": {
            "value": 1.0,
            "min": 1.0,
            "max": 1.0,
            "count": 102
        }
    },
    "metadata": {
        "timer_format_version": "0.1.0",
        "start_time_seconds": "1618294299",
        "python_version": "3.8.8 (default, Feb 24 2021, 15:54:32) [MSC v.1928 64 bit (AMD64)]",
        "command_line_arguments": "C:\\Users\\user\\Anaconda3\\envs\\rlnav\\Scripts\\mlagents-learn rlnav/configs/PPO.yaml --env=C:\\Users\\user\\Desktop\\RLNav\\NavigationEnvironments\\P0\\Jump\\Env.exe --run-id=0_Pipeline\\Jump\\PPO\\Run_2 --time-scale=10 --base-port=6402 --width=480 --height=480",
        "mlagents_version": "0.25.0",
        "mlagents_envs_version": "0.25.0",
        "communication_protocol_version": "1.5.0",
        "pytorch_version": "1.8.1+cpu",
        "numpy_version": "1.19.5",
        "end_time_seconds": "1618298150"
    },
    "total": 3850.9345389,
    "count": 1,
    "self": 2.4959609000002274,
    "children": {
        "run_training.setup": {
            "total": 0.24328700000000003,
            "count": 1,
            "self": 0.24328700000000003
        },
        "TrainerController.start_learning": {
            "total": 3848.195291,
            "count": 1,
            "self": 3.63793419998683,
            "children": {
                "TrainerController._reset_env": {
                    "total": 14.5862433,
                    "count": 1,
                    "self": 14.5862433
                },
                "TrainerController.advance": {
                    "total": 3829.8073533000124,
                    "count": 69014,
                    "self": 3.128927600046154,
                    "children": {
                        "env_step": {
                            "total": 2078.23300119998,
                            "count": 69014,
                            "self": 1963.7915120999482,
                            "children": {
                                "SubprocessEnvManager._take_step": {
                                    "total": 112.37287979998956,
                                    "count": 69014,
                                    "self": 8.410638099964729,
                                    "children": {
                                        "TorchPolicy.evaluate": {
                                            "total": 103.96224170002483,
                                            "count": 64002,
                                            "self": 17.733075599984858,
                                            "children": {
                                                "TorchPolicy.sample_actions": {
                                                    "total": 86.22916610003998,
                                                    "count": 64002,
                                                    "self": 86.22916610003998
                                                }
                                            }
                                        }
                                    }
                                },
                                "workers": {
                                    "total": 2.06860930004229,
                                    "count": 69014,
                                    "self": 0.0,
                                    "children": {
                                        "worker_root": {
                                            "total": 3829.2949189000174,
                                            "count": 69014,
                                            "is_parallel": true,
                                            "self": 2085.1210506999714,