{
    "name": "root",
    "gauges": {
        "Basic.Policy.Entropy.mean": {
            "value": -0.4264332354068756,
            "min": -0.8998950719833374,
            "max": 1.0938231945037842,
            "count": 20
        },
        "Basic.Policy.Entropy.sum": {
            "value": -21321.662109375,
            "min": -45009.15234375,
            "max": 54813.66796875,
            "count": 20
        },
        "Basic.Policy.ExtrinsicValue.mean": {
            "value": -0.11901143193244934,
            "min": -0.2859693169593811,
            "max": 0.005579694174230099,
            "count": 20
        },
        "Basic.Policy.ExtrinsicValue.sum": {
            "value": -612.0758056640625,
            "min": -1452.438232421875,
            "max": 28.70752716064453,
            "count": 20
        },
        "Basic.Environment.EpisodeLength.mean": {
            "value": 147.946587537092,
            "min": 137.07843137254903,
            "max": 252.95854922279793,
            "count": 20
        },
        "Basic.Environment.EpisodeLength.sum": {
            "value": 49858.0,
            "min": 48821.0,
            "max": 50179.0,
            "count": 20
        },
        "Basic.Environment.CumulativeReward.mean": {
            "value": 0.3808281508713784,
            "min": -0.23692359664318166,
            "max": 0.4271377773509479,
            "count": 20
        },
        "Basic.Environment.CumulativeReward.sum": {
            "value": 128.3390868436545,
            "min": -45.72625415213406,
            "max": 151.6339109595865,
            "count": 20
        },
        "Basic.Policy.ExtrinsicReward.mean": {
            "value": 0.3808281508713784,
            "min": -0.23692359664318166,
            "max": 0.4271377773509479,
            "count": 20
        },
        "Basic.Policy.ExtrinsicReward.sum": {
            "value": 128.3390868436545,
            "min": -45.72625415213406,
            "max": 151.6339109595865,
            "count": 20
        },
        "Basic.Losses.PolicyLoss.mean": {
            "value": 0.1299126678419595,
            "min": 0.017986635529494772,
            "max": 0.2690371046147902,
            "count": 20
        },
        "Basic.Losses.PolicyLoss.sum": {
            "value": 649.3035138741136,
            "min": 89.96915091853285,
            "max": 1346.2616714924102,
            "count": 20
        },
        "Basic.Losses.ValueLoss.mean": {
            "value": 3.371816084754237e-05,
            "min": 3.305070382672923e-05,
            "max": 0.0005858656004133061,
            "count": 20
        },
        "Basic.Losses.ValueLoss.sum": {
            "value": 0.16852336791601677,
            "min": 0.16525351913364614,
            "max": 2.3270581648416515,
            "count": 20
        },
        "Basic.Losses.Q1Loss.mean": {
            "value": 0.0007251681902637775,
            "min": 0.0002751623978235105,
            "max": 0.0008633540337552285,
            "count": 20
        },
        "Basic.Losses.Q1Loss.sum": {
            "value": 3.62439061493836,
            "min": 1.3769126387088464,
            "max": 4.315906814742387,
            "count": 20
        },
        "Basic.Losses.Q2Loss.mean": {
            "value": 0.0007262695357710908,
            "min": 0.000279570669467285,
            "max": 0.0015711699599053593,
            "count": 20
        },
        "Basic.Losses.Q2Loss.sum": {
            "value": 3.629895139783912,
            "min": 1.398971630014294,
            "max": 6.240687080744087,
            "count": 20
        },
        "Basic.Policy.ContinuousEntropyCoeff.mean": {
            "value": 0.0001270839464360361,
            "min": 3.357847041913677e-05,
            "max": 0.005890773811605,
            "count": 20
        },
        "Basic.Policy.ContinuousEntropyCoeff.sum": {
            "value": 0.6351655642873084,
            "min": 0.16789235209568387,
            "max": 23.398153579695062,
            "count": 20
        },
        "Basic.Policy.LearningRate.mean": {
            "value": 7.500878352080651e-06,
            "min": 7.500878352080651e-06,
            "max": 0.00029094526525389543,
            "count": 20
        },
        "Basic.Policy.LearningRate.sum": {
            "value": 0.037489390003699094,
            "min": 0.037489390003699094,
            "max": 1.3872185414938318,
            "count": 20
        },
        "Basic.IsTraining.mean": {
            "value": 1.0,
            "min": 1.0,
            "max": 1.0,
            "count": 20
        },
        "Basic.IsTraining.sum": {
            "value": 1.0,
            "min": 1.0,
            "max": 1.0,
            "count": 20
        }
    },
    "metadata": {
        "timer_format_version": "0.1.0",
        "start_time_seconds": "1618547388",
        "python_version": "3.8.8 (default, Feb 24 2021, 15:54:32) [MSC v.1928 64 bit (AMD64)]",
        "command_line_arguments": "C:\\Users\\user\\Anaconda3\\envs\\rlnav\\Scripts\\mlagents-learn rlnav/configs/SAC_512.yaml --env=C:\\Users\\user\\Desktop\\RLNav\\NavigationEnvironments\\P0\\Jump93\\Env.exe --run-id=0_Pipeline\\Jump93\\SAC_512\\Run_0 --time-scale=20 --base-port=6500 --width=480 --height=480 --torch-device=cuda",
        "mlagents_version": "0.25.0",
        "mlagents_envs_version": "0.25.0",
        "communication_protocol_version": "1.5.0",
        "pytorch_version": "1.8.1",
        "numpy_version": "1.19.2",
        "end_time_seconds": "1618558181"
    },
    "total": 10793.695254499999,
    "count": 1,
    "self": 2.6530458999968687,
    "children": {
        "run_training.setup": {
            "total": 0.2302738999999998,
            "count": 1,
            "self": 0.2302738999999998
        },
        "TrainerController.start_learning": {
            "total": 10790.811934700001,
            "count": 1,
            "self": 3.190700899976946,
            "children": {
                "TrainerController._reset_env": {
                    "total": 11.590157,
                    "count": 1,
                    "self": 11.590157
                },
                "TrainerController.advance": {
                    "total": 10775.847233600025,
                    "count": 67082,
                    "self": 2.5086348998502217,
                    "children": {
                        "env_step": {
                            "total": 2642.9131213000837,
                            "count": 67082,
                            "self": 2422.590305499917,
                            "children": {
                                "SubprocessEnvManager._take_step": {
                                    "total": 218.72723430025576,
                                    "count": 67082,
                                    "self": 8.549724300080811,
                                    "children": {
                                        "TorchPolicy.evaluate": {
                                            "total": 210.17751000017495,
                                            "count": 62505,
                                            "self": 82.51787350037388,
                                            "children": {
                                                "TorchPolicy.sample_actions": {
                                                    "total": 127.65963649980107,
                                                    "count": 62505,
                                                    "self": 127.65963649980107
                                                }
                                            }
                                        }
                                    }
                                },
                                "workers": {
                                    "total": 1.5955814999109332,
                                    "count": 67082,
                                    "self": 0.0,