{
    "name": "root",
    "gauges": {
        "Basic.Policy.Entropy.mean": {
            "value": 1.1394869089126587,
            "min": 1.139468789100647,
            "max": 1.4233264923095703,
            "count": 102
        },
        "Basic.Policy.Entropy.sum": {
            "value": 11394.869140625,
            "min": 11376.966796875,
            "max": 14248.802734375,
            "count": 102
        },
        "Basic.Policy.ExtrinsicValueEstimate.mean": {
            "value": 0.05165863409638405,
            "min": -0.00475769117474556,
            "max": 0.17992375791072845,
            "count": 102
        },
        "Basic.Policy.ExtrinsicValueEstimate.sum": {
            "value": 174.14125061035156,
            "min": -15.962054252624512,
            "max": 603.4642944335938,
            "count": 102
        },
        "Basic.Environment.EpisodeLength.mean": {
            "value": 125.1951219512195,
            "min": 120.4578313253012,
            "max": 255.0,
            "count": 102
        },
        "Basic.Environment.EpisodeLength.sum": {
            "value": 10266.0,
            "min": 8160.0,
            "max": 12288.0,
            "count": 102
        },
        "Basic.Environment.CumulativeReward.mean": {
            "value": 0.745515274769831,
            "min": -0.28174345434776377,
            "max": 0.7831785191843907,
            "count": 102
        },
        "Basic.Environment.CumulativeReward.sum": {
            "value": 61.13225253112614,
            "min": -13.805429263040423,
            "max": 64.52104629017413,
            "count": 102
        },
        "Basic.Policy.ExtrinsicReward.mean": {
            "value": 0.745515274769831,
            "min": -0.28174345434776377,
            "max": 0.7831785191843907,
            "count": 102
        },
        "Basic.Policy.ExtrinsicReward.sum": {
            "value": 61.13225253112614,
            "min": -13.805429263040423,
            "max": 64.52104629017413,
            "count": 102
        },
        "Basic.Losses.PolicyLoss.mean": {
            "value": 0.044521748897548404,
            "min": 0.03861831011173915,
            "max": 0.05755734184761726,
            "count": 102
        },
        "Basic.Losses.PolicyLoss.sum": {
            "value": 0.13356524669264522,
            "min": 0.0772366202234783,
            "max": 0.17267202554285177,
            "count": 102
        },
        "Basic.Losses.ValueLoss.mean": {
            "value": 0.004822731268682725,
            "min": 0.00039579194519016403,
            "max": 0.005829865696493168,
            "count": 102
        },
        "Basic.Losses.ValueLoss.sum": {
            "value": 0.014468193806048173,
            "min": 0.0007915838903803281,
            "max": 0.014678231287083085,
            "count": 102
        },
        "Basic.Policy.LearningRate.mean": {
            "value": 2.8241224961588547e-06,
            "min": 2.8241224961588547e-06,
            "max": 0.00029817890685703127,
            "count": 102
        },
        "Basic.Policy.LearningRate.sum": {
            "value": 8.472367488476564e-06,
            "min": 8.472367488476564e-06,
            "max": 0.000878203132265625,
            "count": 102
        },
        "Basic.Policy.Epsilon.mean": {
            "value": 0.10094134114583335,
            "min": 0.10094134114583335,
            "max": 0.19939296875,
            "count": 102
        },
        "Basic.Policy.Epsilon.sum": {
            "value": 0.30282402343750003,
            "min": 0.20388417968750003,
            "max": 0.592734375,
            "count": 102
        },
        "Basic.Policy.Beta.mean": {
            "value": 5.697292317708335e-05,
            "min": 5.697292317708335e-05,
            "max": 0.0049697091406250005,
            "count": 102
        },
        "Basic.Policy.Beta.sum": {
            "value": 0.00017091876953125005,
            "min": 0.00017091876953125005,
            "max": 0.0146374453125,
            "count": 102
        },
        "Basic.IsTraining.mean": {
            "value": 1.0,
            "min": 1.0,
            "max": 1.0,
            "count": 102
        },
        "Basic.IsTraining.sum": {
            "value": 1.0,
            "min": 1.0,
            "max": 1.0,
            "count": 102
        }
    },
    "metadata": {
        "timer_format_version": "0.1.0",
        "start_time_seconds": "1618365001",
        "python_version": "3.8.8 (default, Feb 24 2021, 15:54:32) [MSC v.1928 64 bit (AMD64)]",
        "command_line_arguments": "C:\\Users\\user\\Anaconda3\\envs\\rlnav\\Scripts\\mlagents-learn rlnav/configs/PPO.yaml --env=C:\\Users\\user\\Desktop\\RLNav\\NavigationEnvironments\\P0\\Jump\\Env.exe --run-id=0_Pipeline\\Jump93\\PPO\\Run_0 --time-scale=10 --base-port=6120 --width=480 --height=480",
        "mlagents_version": "0.25.0",
        "mlagents_envs_version": "0.25.0",
        "communication_protocol_version": "1.5.0",
        "pytorch_version": "1.8.1+cpu",
        "numpy_version": "1.19.5",
        "end_time_seconds": "1618370862"
    },
    "total": 5861.3797871,
    "count": 1,
    "self": 3.490421200000128,
    "children": {
        "run_training.setup": {
            "total": 0.2863707,
            "count": 1,
            "self": 0.2863707
        },
        "TrainerController.start_learning": {
            "total": 5857.6029952,
            "count": 1,
            "self": 5.814730199987025,
            "children": {
                "TrainerController._reset_env": {
                    "total": 10.3653514,
                    "count": 1,
                    "self": 10.3653514
                },
                "TrainerController.advance": {
                    "total": 5841.079944100014,
                    "count": 68577,
                    "self": 5.573955600057161,
                    "children": {
                        "env_step": {
                            "total": 3147.6045858000216,
                            "count": 68577,
                            "self": 2968.881643800022,
                            "children": {
                                "SubprocessEnvManager._take_step": {
                                    "total": 175.89167710002448,
                                    "count": 68577,
                                    "self": 14.956652300011257,
                                    "children": {
                                        "TorchPolicy.evaluate": {
                                            "total": 160.93502480001322,
                                            "count": 64002,
                                            "self": 29.728395999961947,
                                            "children": {
                                                "TorchPolicy.sample_actions": {
                                                    "total": 131.20662880005128,
                                                    "count": 64002,
                                                    "self": 131.20662880005128
                                                }
                                            }
                                        }
                                    }
                                },
                                "workers": {
                                    "total": 2.8312648999747516,
                                    "count": 68577,
                                    "self": 0.0,
                                    "children": {
                                        "worker_root": {
                                            "total": 5840.151820400001,
                                            "count": 68577,
                                            "is_parallel": true,
                                            "self": 3196.36404900003,