{
    "name": "root",
    "metadata": {
        "timer_format_version": "0.1.0",
        "start_time_seconds": "1618448610",
        "python_version": "3.8.8 (default, Feb 24 2021, 15:54:32) [MSC v.1928 64 bit (AMD64)]",
        "command_line_arguments": "C:\\Users\\user\\Anaconda3\\envs\\rlnav\\Scripts\\mlagents-learn rlnav/configs/SAC_256.yaml --env=C:\\Users\\user\\Desktop\\RLNav\\NavigationEnvironments\\P0\\Jump\\Env.exe --run-id=0_Pipeline\\Jump\\SAC_256\\Run_0 --time-scale=10 --base-port=6880 --width=480 --height=480 --torch-device=cuda",
        "mlagents_version": "0.25.0",
        "mlagents_envs_version": "0.25.0",
        "communication_protocol_version": "1.5.0",
        "pytorch_version": "1.8.1",
        "numpy_version": "1.19.2",
        "end_time_seconds": "1618448690"
    },
    "total": 79.83158180000001,
    "count": 1,
    "self": 2.6092997000000224,
    "children": {
        "run_training.setup": {
            "total": 0.3171535999999997,
            "count": 1,
            "self": 0.3171535999999997
        },
        "TrainerController.start_learning": {
            "total": 76.90512849999999,
            "count": 1,
            "self": 0.04578309999993735,
            "children": {
                "TrainerController._reset_env": {
                    "total": 20.161985899999998,
                    "count": 1,
                    "self": 20.161985899999998
                },
                "TrainerController.advance": {
                    "total": 56.19292290000007,
                    "count": 794,
                    "self": 0.04454010000006292,
                    "children": {
                        "env_step": {
                            "total": 31.2697144,
                            "count": 794,
                            "self": 26.834629899999893,
                            "children": {
                                "SubprocessEnvManager._take_step": {
                                    "total": 4.410561099999974,
                                    "count": 794,
                                    "self": 0.155180100000063,
                                    "children": {
                                        "TorchPolicy.evaluate": {
                                            "total": 4.255380999999911,
                                            "count": 790,
                                            "self": 1.3638897999998854,
                                            "children": {
                                                "TorchPolicy.sample_actions": {
                                                    "total": 2.8914912000000257,
                                                    "count": 790,
                                                    "self": 2.8914912000000257
                                                }
                                            }
                                        }
                                    }
                                },
                                "workers": {
                                    "total": 0.024523400000134643,
                                    "count": 793,
                                    "self": 0.0,
                                    "children": {
                                        "worker_root": {
                                            "total": 60.88426820000002,
                                            "count": 793,
                                            "is_parallel": true,
                                            "self": 36.99932630000005,
                                            "children": {
                                                "steps_from_proto": {
                                                    "total": 0.0008834999999987048,
                                                    "count": 1,
                                                    "is_parallel": true,
                                                    "self": 0.0002476999999974083,
                                                    "children": {
                                                        "_process_rank_one_or_two_observation": {
                                                            "total": 0.0006358000000012964,
                                                            "count": 2,
                                                            "is_parallel": true,
                                                            "self": 0.0006358000000012964
                                                        }
                                                    }
                                                },
                                                "UnityEnvironment.step": {
                                                    "total": 23.884058399999976,
                                                    "count": 793,
                                                    "is_parallel": true,
                                                    "self": 0.19513100000020955,
                                                    "children": {
                                                        "UnityEnvironment._generate_step_input": {
                                                            "total": 1.630481899999971,
                                                            "count": 793,
                                                            "is_parallel": true,
                                                            "self": 1.630481899999971
                                                        },
                                                        "communicator.exchange": {
                                                            "total": 21.23793309999988,
                                                            "count": 793,
                                                            "is_parallel": true,
                                                            "self": 21.23793309999988
                                                        },
                                                        "steps_from_proto": {
                                                            "total": 0.8205123999999167,
                                                            "count": 793,
                                                            "is_parallel": true,
                                                            "self": 0.24455249999967776,
                                                            "children": {
                                                                "_process_rank_one_or_two_observation": {
                                                                    "total": 0.5759599000002389,
                                                                    "count": 1586,
                                                                    "is_parallel": true,
                                                                    "self": 0.5759599000002389
                                                                }
                                                            }
                                                        }
                                                    }
                                                }
                                            }
                                        }
                                    }
                                }
                            }
                        },
                        "trainer_advance": {
                            "total": 24.878668400000002,
                            "count": 793,
                            "self": 0.04906420000016709,
                            "children": {
                                "process_trajectory": {
                                    "total": 8.994180999999948,
                                    "count": 793,