{
    "name": "root",
    "gauges": {
        "Basic.Policy.Entropy.mean": {
            "value": -0.6064164638519287,
            "min": -0.6831619143486023,
            "max": 1.4143491983413696,
            "count": 102
        },
        "Basic.Policy.Entropy.sum": {
            "value": -6054.4619140625,
            "min": -6842.5498046875,
            "max": 14301.8994140625,
            "count": 102
        },
        "Basic.Policy.ExtrinsicValue.mean": {
            "value": 0.8215234279632568,
            "min": -0.8957889676094055,
            "max": 0.8486263751983643,
            "count": 102
        },
        "Basic.Policy.ExtrinsicValue.sum": {
            "value": 900.3897094726562,
            "min": -907.4342041015625,
            "max": 934.337646484375,
            "count": 102
        },
        "Basic.Environment.EpisodeLength.mean": {
            "value": 43.963800904977376,
            "min": 41.52542372881356,
            "max": 255.0,
            "count": 102
        },
        "Basic.Environment.EpisodeLength.sum": {
            "value": 9716.0,
            "min": 8160.0,
            "max": 12259.0,
            "count": 102
        },
        "Basic.Environment.CumulativeReward.mean": {
            "value": 1.2444318384609439,
            "min": -1.2462101478595287,
            "max": 1.2980214337204596,
            "count": 102
        },
        "Basic.Environment.CumulativeReward.sum": {
            "value": 273.77500446140766,
            "min": -41.164522994309664,
            "max": 303.6940156612545,
            "count": 102
        },
        "Basic.Policy.ExtrinsicReward.mean": {
            "value": 1.2444318384609439,
            "min": -1.2462101478595287,
            "max": 1.2980214337204596,
            "count": 102
        },
        "Basic.Policy.ExtrinsicReward.sum": {
            "value": 273.77500446140766,
            "min": -41.164522994309664,
            "max": 303.6940156612545,
            "count": 102
        },
        "Basic.IsTraining.mean": {
            "value": 1.0,
            "min": 1.0,
            "max": 1.0,
            "count": 102
        },
        "Basic.IsTraining.sum": {
            "value": 1.0,
            "min": 1.0,
            "max": 1.0,
            "count": 102
        },
        "Basic.Losses.PolicyLoss.mean": {
            "value": -0.8161009377364196,
            "min": -0.8282988148652475,
            "max": 0.4601207806222816,
            "count": 101
        },
        "Basic.Losses.PolicyLoss.sum": {
            "value": -816.917038674156,
            "min": -828.8329868435859,
            "max": 463.3416260866376,
            "count": 101
        },
        "Basic.Losses.ValueLoss.mean": {
            "value": 1.0576249080962854e-05,
            "min": 1.0282004002972926e-05,
            "max": 0.0014643920504533172,
            "count": 101
        },
        "Basic.Losses.ValueLoss.sum": {
            "value": 0.010586825330043818,
            "min": 0.010271721998969953,
            "max": 1.4146027207379044,
            "count": 101
        },
        "Basic.Losses.Q1Loss.mean": {
            "value": 0.00047486234159680075,
            "min": 0.000289462970141982,
            "max": 0.002393734324468981,
            "count": 101
        },
        "Basic.Losses.Q1Loss.sum": {
            "value": 0.47533720393839757,
            "min": 0.2909102849926919,
            "max": 2.39612805879345,
            "count": 101
        },
        "Basic.Losses.Q2Loss.mean": {
            "value": 0.0004772880723135063,
            "min": 0.00029020488905104547,
            "max": 0.0024033369425018364,
            "count": 101
        },
        "Basic.Losses.Q2Loss.sum": {
            "value": 0.4777653603858198,
            "min": 0.2916559134963007,
            "max": 2.405740279444338,
            "count": 101
        },
        "Basic.Policy.ContinuousEntropyCoeff.mean": {
            "value": 0.00015619559000120079,
            "min": 0.00011181264789050884,
            "max": 0.008734314555793193,
            "count": 101
        },
        "Basic.Policy.ContinuousEntropyCoeff.sum": {
            "value": 0.156351785591202,
            "min": 0.11181264789050883,
            "max": 8.437347860896224,
            "count": 101
        },
        "Basic.Policy.LearningRate.mean": {
            "value": 2.6357484330761032e-06,
            "min": 2.6357484330761032e-06,
            "max": 0.000295560220812225,
            "count": 101
        },
        "Basic.Policy.LearningRate.sum": {
            "value": 0.0026383841815091793,
            "min": 0.0026383841815091793,
            "max": 0.2941359024547,
            "count": 101
        }
    },
    "metadata": {
        "timer_format_version": "0.1.0",
        "start_time_seconds": "1618310295",
        "python_version": "3.8.8 (default, Feb 24 2021, 15:54:32) [MSC v.1928 64 bit (AMD64)]",
        "command_line_arguments": "C:\\Users\\user\\Anaconda3\\envs\\rlnav\\Scripts\\mlagents-learn rlnav/configs/SAC.yaml --env=C:\\Users\\user\\Desktop\\RLNav\\NavigationEnvironments\\P0\\Jump\\Env.exe --run-id=0_Pipeline\\Jump\\SAC\\Run_3 --time-scale=10 --base-port=6403 --width=480 --height=480",
        "mlagents_version": "0.25.0",
        "mlagents_envs_version": "0.25.0",
        "communication_protocol_version": "1.5.0",
        "pytorch_version": "1.8.1+cpu",
        "numpy_version": "1.19.5",
        "end_time_seconds": "1618320406"
    },
    "total": 10110.093625,
    "count": 1,
    "self": 2.5567121999993105,
    "children": {
        "run_training.setup": {
            "total": 0.2873249000000002,
            "count": 1,
            "self": 0.2873249000000002
        },
        "TrainerController.start_learning": {
            "total": 10107.2495879,
            "count": 1,
            "self": 3.8879225000237057,
            "children": {
                "TrainerController._reset_env": {
                    "total": 6.6577893999999995,
                    "count": 1,
                    "self": 6.6577893999999995
                },
                "TrainerController.advance": {
                    "total": 10096.492906799976,
                    "count": 70894,
                    "self": 3.4717828998127516,
                    "children": {
                        "env_step": {
                            "total": 2191.4029203999485,
                            "count": 70894,
                            "self": 2056.019455299853,
                            "children": {
                                "SubprocessEnvManager._take_step": {
                                    "total": 133.18753250005625,
                                    "count": 70894,
                                    "self": 9.636683700244532,
                                    "children": {
                                        "TorchPolicy.evaluate": {
                                            "total": 123.55084879981172,
                                            "count": 64005,
                                            "self": 15.39268119992201,
                                            "children": {
                                                "TorchPolicy.sample_actions": {
                                                    "total": 108.15816759988971,
                                                    "count": 64005,
                                                    "self": 108.15816759988971
                                                }
                                            }
                                        }
                                    }
                                },
                                "workers": {
                                    "total": 2.195932600039386,
                                    "count": 70894,
                                    "self": 0.0,