{
    "name": "root",
    "gauges": {
        "Basic.Policy.Entropy.mean": {
            "value": -0.7500588893890381,
            "min": -0.9518623948097229,
            "max": 1.0207091569900513,
            "count": 20
        },
        "Basic.Policy.Entropy.sum": {
            "value": -37502.9453125,
            "min": -47562.66015625,
            "max": 51149.77734375,
            "count": 20
        },
        "Basic.Policy.ExtrinsicValue.mean": {
            "value": -0.11554478853940964,
            "min": -0.5595937371253967,
            "max": 0.05583576858043671,
            "count": 20
        },
        "Basic.Policy.ExtrinsicValue.sum": {
            "value": -595.0556640625,
            "min": -2843.2958984375,
            "max": 288.83843994140625,
            "count": 20
        },
        "Basic.Environment.EpisodeLength.mean": {
            "value": 140.93982808022923,
            "min": 125.86180904522612,
            "max": 255.0,
            "count": 20
        },
        "Basic.Environment.EpisodeLength.sum": {
            "value": 49188.0,
            "min": 48609.0,
            "max": 50594.0,
            "count": 20
        },
        "Basic.Environment.CumulativeReward.mean": {
            "value": 0.4116433773349438,
            "min": -0.2490234375,
            "max": 0.5003413212668132,
            "count": 20
        },
        "Basic.Environment.CumulativeReward.sum": {
            "value": 144.07518206723034,
            "min": -47.8125,
            "max": 199.13584586419165,
            "count": 20
        },
        "Basic.Policy.ExtrinsicReward.mean": {
            "value": 0.4116433773349438,
            "min": -0.2490234375,
            "max": 0.5003413212668132,
            "count": 20
        },
        "Basic.Policy.ExtrinsicReward.sum": {
            "value": 144.07518206723034,
            "min": -47.8125,
            "max": 199.13584586419165,
            "count": 20
        },
        "Basic.Losses.PolicyLoss.mean": {
            "value": 0.09532033969095674,
            "min": -0.026818784626530864,
            "max": 0.4070013448670388,
            "count": 20
        },
        "Basic.Losses.PolicyLoss.sum": {
            "value": 476.50637811509273,
            "min": -134.0939231326543,
            "max": 2035.0067243351941,
            "count": 20
        },
        "Basic.Losses.ValueLoss.mean": {
            "value": 2.1958021038098596e-05,
            "min": 2.1958021038098596e-05,
            "max": 0.00027128352298143896,
            "count": 20
        },
        "Basic.Losses.ValueLoss.sum": {
            "value": 0.10976814716945488,
            "min": 0.10976814716945488,
            "max": 1.0772668697592942,
            "count": 20
        },
        "Basic.Losses.Q1Loss.mean": {
            "value": 0.0005176306961174779,
            "min": 0.0002579479625904634,
            "max": 0.0006102198678873033,
            "count": 20
        },
        "Basic.Losses.Q1Loss.sum": {
            "value": 2.587635849891272,
            "min": 1.0954860466080394,
            "max": 3.0486584599649675,
            "count": 20
        },
        "Basic.Losses.Q2Loss.mean": {
            "value": 0.0005195223559760797,
            "min": 0.00025861644443323856,
            "max": 0.0006078175375787155,
            "count": 20
        },
        "Basic.Losses.Q2Loss.sum": {
            "value": 2.597092257524422,
            "min": 1.2925649892773263,
            "max": 3.039087687893577,
            "count": 20
        },
        "Basic.Policy.ContinuousEntropyCoeff.mean": {
            "value": 0.00019147217112803287,
            "min": 4.462665193808789e-05,
            "max": 0.005938682847368028,
            "count": 20
        },
        "Basic.Policy.ContinuousEntropyCoeff.sum": {
            "value": 0.9571693834690364,
            "min": 0.22313325969043943,
            "max": 23.58250958689844,
            "count": 20
        },
        "Basic.Policy.LearningRate.mean": {
            "value": 7.499210522900181e-06,
            "min": 7.499210522900181e-06,
            "max": 0.0002909459120585743,
            "count": 20
        },
        "Basic.Policy.LearningRate.sum": {
            "value": 0.037488553403978005,
            "min": 0.037488553403978005,
            "max": 1.3863705836764844,
            "count": 20
        },
        "Basic.IsTraining.mean": {
            "value": 1.0,
            "min": 1.0,
            "max": 1.0,
            "count": 20
        },
        "Basic.IsTraining.sum": {
            "value": 1.0,
            "min": 1.0,
            "max": 1.0,
            "count": 20
        }
    },
    "metadata": {
        "timer_format_version": "0.1.0",
        "start_time_seconds": "1618557180",
        "python_version": "3.8.8 (default, Feb 24 2021, 15:54:32) [MSC v.1928 64 bit (AMD64)]",
        "command_line_arguments": "C:\\Users\\user\\Anaconda3\\envs\\rlnav\\Scripts\\mlagents-learn rlnav/configs/SAC_1024.yaml --env=C:\\Users\\user\\Desktop\\RLNav\\NavigationEnvironments\\P0\\Jump18\\Env.exe --run-id=0_Pipeline\\Jump18\\SAC_1024\\Run_0 --time-scale=20 --base-port=6000 --width=480 --height=480 --torch-device=cuda",
        "mlagents_version": "0.25.0",
        "mlagents_envs_version": "0.25.0",
        "communication_protocol_version": "1.5.0",
        "pytorch_version": "1.8.1",
        "numpy_version": "1.19.2",
        "end_time_seconds": "1618570227"
    },
    "total": 13046.408515699999,
    "count": 1,
    "self": 2.7405188999982784,
    "children": {
        "run_training.setup": {
            "total": 0.25095409999999996,
            "count": 1,
            "self": 0.25095409999999996
        },
        "TrainerController.start_learning": {
            "total": 13043.4170427,
            "count": 1,
            "self": 2.650041600190889,
            "children": {
                "TrainerController._reset_env": {
                    "total": 11.7986193,
                    "count": 1,
                    "self": 11.7986193
                },
                "TrainerController.advance": {
                    "total": 13028.77944299981,
                    "count": 67025,
                    "self": 2.077031799548422,
                    "children": {
                        "env_step": {
                            "total": 1929.830777500304,
                            "count": 67025,
                            "self": 1739.5431962004848,
                            "children": {
                                "SubprocessEnvManager._take_step": {
                                    "total": 188.8608570999147,
                                    "count": 67025,
                                    "self": 7.365206299963489,
                                    "children": {
                                        "TorchPolicy.evaluate": {
                                            "total": 181.49565079995122,
                                            "count": 62505,
                                            "self": 71.25093319999263,
                                            "children": {
                                                "TorchPolicy.sample_actions": {
                                                    "total": 110.24471759995859,
                                                    "count": 62505,
                                                    "self": 110.24471759995859
                                                }
                                            }
                                        }
                                    }
                                },
                                "workers": {
                                    "total": 1.426724199904621,
                                    "count": 67025,
                                    "self": 0.0,