{
    "name": "root",
    "gauges": {
        "Basic.Policy.Entropy.mean": {
            "value": -0.6455597281455994,
            "min": -0.8254439234733582,
            "max": 1.1563104391098022,
            "count": 16
        },
        "Basic.Policy.Entropy.sum": {
            "value": -32267.658203125,
            "min": -41245.78125,
            "max": 57945.03125,
            "count": 16
        },
        "Basic.Policy.ExtrinsicValue.mean": {
            "value": -0.06023483723402023,
            "min": -0.07248569279909134,
            "max": 0.1431022584438324,
            "count": 16
        },
        "Basic.Policy.ExtrinsicValue.sum": {
            "value": -309.1854248046875,
            "min": -368.9521789550781,
            "max": 726.5301513671875,
            "count": 16
        },
        "Basic.Environment.EpisodeLength.mean": {
            "value": 150.2814371257485,
            "min": 142.19540229885058,
            "max": 255.0,
            "count": 16
        },
        "Basic.Environment.EpisodeLength.sum": {
            "value": 50194.0,
            "min": 48867.0,
            "max": 50194.0,
            "count": 16
        },
        "Basic.Environment.CumulativeReward.mean": {
            "value": 0.35298633469480595,
            "min": -0.24924366884321594,
            "max": 0.40125897319602044,
            "count": 16
        },
        "Basic.Environment.CumulativeReward.sum": {
            "value": 117.8974357880652,
            "min": -47.85478441789746,
            "max": 139.6381226722151,
            "count": 16
        },
        "Basic.Policy.ExtrinsicReward.mean": {
            "value": 0.35298633469480595,
            "min": -0.24924366884321594,
            "max": 0.40125897319602044,
            "count": 16
        },
        "Basic.Policy.ExtrinsicReward.sum": {
            "value": 117.8974357880652,
            "min": -47.85478441789746,
            "max": 139.6381226722151,
            "count": 16
        },
        "Basic.Losses.PolicyLoss.mean": {
            "value": 0.06778324581266608,
            "min": -0.017038324922994206,
            "max": 0.07180527187948452,
            "count": 16
        },
        "Basic.Losses.PolicyLoss.sum": {
            "value": 338.8484458175177,
            "min": -85.12347131527905,
            "max": 358.8827488536636,
            "count": 16
        },
        "Basic.Losses.ValueLoss.mean": {
            "value": 4.2891187648040586e-05,
            "min": 4.009497513401133e-05,
            "max": 0.0005313295821947028,
            "count": 16
        },
        "Basic.Losses.ValueLoss.sum": {
            "value": 0.21441304705255487,
            "min": 0.20043478069492265,
            "max": 2.1099097708951646,
            "count": 16
        },
        "Basic.Losses.Q1Loss.mean": {
            "value": 0.0005321380685947228,
            "min": 0.00016107182208745236,
            "max": 0.0006404191586945318,
            "count": 16
        },
        "Basic.Losses.Q1Loss.sum": {
            "value": 2.660158204905019,
            "min": 0.8066476850139613,
            "max": 2.9964117516627686,
            "count": 16
        },
        "Basic.Losses.Q2Loss.mean": {
            "value": 0.0005335742530035093,
            "min": 0.00015797126576946847,
            "max": 0.0005996899349818632,
            "count": 16
        },
        "Basic.Losses.Q2Loss.sum": {
            "value": 2.667337690764543,
            "min": 0.7911200989734981,
            "max": 2.999049364844298,
            "count": 16
        },
        "Basic.Policy.ContinuousEntropyCoeff.mean": {
            "value": 8.451814796710968e-05,
            "min": 2.6370615110341605e-05,
            "max": 0.005906573570317582,
            "count": 16
        },
        "Basic.Policy.ContinuousEntropyCoeff.sum": {
            "value": 0.4225062216875813,
            "min": 0.13193218739703905,
            "max": 23.455003647731118,
            "count": 16
        },
        "Basic.Policy.LearningRate.mean": {
            "value": 6.749936251724172e-05,
            "min": 6.749936251724172e-05,
            "max": 0.00029094673454633835,
            "count": 16
        },
        "Basic.Policy.LearningRate.sum": {
            "value": 0.33742931322369135,
            "min": 0.33742931322369135,
            "max": 1.3863827660724237,
            "count": 16
        },
        "Basic.IsTraining.mean": {
            "value": 1.0,
            "min": 1.0,
            "max": 1.0,
            "count": 16
        },
        "Basic.IsTraining.sum": {
            "value": 1.0,
            "min": 1.0,
            "max": 1.0,
            "count": 16
        }
    },
    "metadata": {
        "timer_format_version": "0.1.0",
        "start_time_seconds": "1618579181",
        "python_version": "3.8.8 (default, Feb 24 2021, 15:54:32) [MSC v.1928 64 bit (AMD64)]",
        "command_line_arguments": "C:\\Users\\user\\Anaconda3\\envs\\rlnav\\Scripts\\mlagents-learn rlnav/configs/SAC_512.yaml --env=C:\\Users\\user\\Desktop\\RLNav\\NavigationEnvironments\\P0\\Jump93\\Env.exe --run-id=0_Pipeline\\Jump93\\SAC_512\\Run_1 --time-scale=20 --base-port=6181 --width=480 --height=480 --torch-device=cuda",
        "mlagents_version": "0.25.0",
        "mlagents_envs_version": "0.25.0",
        "communication_protocol_version": "1.5.0",
        "pytorch_version": "1.8.1",
        "numpy_version": "1.19.2",
        "end_time_seconds": "1618586809"
    },
    "total": 7628.177342,
    "count": 1,
    "self": 2.370379099999809,
    "children": {
        "run_training.setup": {
            "total": 0.25411990000000007,
            "count": 1,
            "self": 0.25411990000000007
        },
        "TrainerController.start_learning": {
            "total": 7625.552843,
            "count": 1,
            "self": 2.3213774000259946,
            "children": {
                "TrainerController._reset_env": {
                    "total": 10.3918685,
                    "count": 1,
                    "self": 10.3918685
                },
                "TrainerController.advance": {
                    "total": 7612.609991699976,
                    "count": 54502,
                    "self": 1.826220500049203,
                    "children": {
                        "env_step": {
                            "total": 1921.88147629995,
                            "count": 54502,
                            "self": 1764.107151700006,
                            "children": {
                                "SubprocessEnvManager._take_step": {
                                    "total": 156.60390629991196,
                                    "count": 54502,
                                    "self": 5.95499809981186,
                                    "children": {
                                        "TorchPolicy.evaluate": {
                                            "total": 150.6489082001001,
                                            "count": 51177,
                                            "self": 59.46949750012432,
                                            "children": {
                                                "TorchPolicy.sample_actions": {
                                                    "total": 91.17941069997578,
                                                    "count": 51177,
                                                    "self": 91.17941069997578
                                                }
                                            }
                                        }
                                    }
                                },
                                "workers": {
                                    "total": 1.1704183000322068,
                                    "count": 54501,
                                    "self": 0.0,