{
    "name": "root",
    "gauges": {
        "Basic.Policy.Entropy.mean": {
            "value": -0.48855793476104736,
            "min": -0.4924565851688385,
            "max": 1.1689635515213013,
            "count": 20
        },
        "Basic.Policy.Entropy.sum": {
            "value": -24427.896484375,
            "min": -24630.708984375,
            "max": 58579.1015625,
            "count": 20
        },
        "Basic.Policy.ExtrinsicValue.mean": {
            "value": -0.10631520301103592,
            "min": -0.16245222091674805,
            "max": 0.056208446621894836,
            "count": 20
        },
        "Basic.Policy.ExtrinsicValue.sum": {
            "value": -545.39697265625,
            "min": -824.932373046875,
            "max": 288.2369079589844,
            "count": 20
        },
        "Basic.Environment.EpisodeLength.mean": {
            "value": 158.42172523961662,
            "min": 141.8542857142857,
            "max": 255.0,
            "count": 20
        },
        "Basic.Environment.EpisodeLength.sum": {
            "value": 49586.0,
            "min": 48670.0,
            "max": 50235.0,
            "count": 20
        },
        "Basic.Environment.CumulativeReward.mean": {
            "value": 0.31626784546782793,
            "min": -0.2490234375,
            "max": 0.4129192942593779,
            "count": 20
        },
        "Basic.Environment.CumulativeReward.sum": {
            "value": 98.99183563143015,
            "min": -47.8125,
            "max": 144.52175299078226,
            "count": 20
        },
        "Basic.Policy.ExtrinsicReward.mean": {
            "value": 0.31626784546782793,
            "min": -0.2490234375,
            "max": 0.4129192942593779,
            "count": 20
        },
        "Basic.Policy.ExtrinsicReward.sum": {
            "value": 98.99183563143015,
            "min": -47.8125,
            "max": 144.52175299078226,
            "count": 20
        },
        "Basic.Losses.PolicyLoss.mean": {
            "value": 0.13154326548060585,
            "min": -0.037134983372905384,
            "max": 0.1348565438383321,
            "count": 20
        },
        "Basic.Losses.PolicyLoss.sum": {
            "value": 657.453240872068,
            "min": -147.46301897380727,
            "max": 674.2827191916605,
            "count": 20
        },
        "Basic.Losses.ValueLoss.mean": {
            "value": 3.181355484660334e-05,
            "min": 2.8782188964418592e-05,
            "max": 0.0006466940659360065,
            "count": 20
        },
        "Basic.Losses.ValueLoss.sum": {
            "value": 0.1590041471233235,
            "min": 0.1439685092000218,
            "max": 3.2315302474822243,
            "count": 20
        },
        "Basic.Losses.Q1Loss.mean": {
            "value": 0.0006346008770298987,
            "min": 0.0003170078332827489,
            "max": 0.0030558945225470143,
            "count": 20
        },
        "Basic.Losses.Q1Loss.sum": {
            "value": 3.171735183395434,
            "min": 1.2588381059657958,
            "max": 15.27030492916743,
            "count": 20
        },
        "Basic.Losses.Q2Loss.mean": {
            "value": 0.0006304637457089858,
            "min": 0.0002677752019860437,
            "max": 0.003064147744834205,
            "count": 20
        },
        "Basic.Losses.Q2Loss.sum": {
            "value": 3.1510578010535113,
            "min": 1.0633353270865795,
            "max": 15.311546280936522,
            "count": 20
        },
        "Basic.Policy.ContinuousEntropyCoeff.mean": {
            "value": 0.00010682570936211258,
            "min": 5.203639418616911e-05,
            "max": 0.005902124822476427,
            "count": 20
        },
        "Basic.Policy.ContinuousEntropyCoeff.sum": {
            "value": 0.5339148953918387,
            "min": 0.2601299345366594,
            "max": 23.437337670053893,
            "count": 20
        },
        "Basic.Policy.LearningRate.mean": {
            "value": 7.5006605850463984e-06,
            "min": 7.5006605850463984e-06,
            "max": 0.0002909459120585743,
            "count": 20
        },
        "Basic.Policy.LearningRate.sum": {
            "value": 0.0374883016040619,
            "min": 0.0374883016040619,
            "max": 1.3866604976798464,
            "count": 20
        },
        "Basic.IsTraining.mean": {
            "value": 1.0,
            "min": 1.0,
            "max": 1.0,
            "count": 20
        },
        "Basic.IsTraining.sum": {
            "value": 1.0,
            "min": 1.0,
            "max": 1.0,
            "count": 20
        }
    },
    "metadata": {
        "timer_format_version": "0.1.0",
        "start_time_seconds": "1618539421",
        "python_version": "3.8.8 (default, Feb 24 2021, 15:54:32) [MSC v.1928 64 bit (AMD64)]",
        "command_line_arguments": "C:\\Users\\user\\Anaconda3\\envs\\rlnav\\Scripts\\mlagents-learn rlnav/configs/SAC_256.yaml --env=C:\\Users\\user\\Desktop\\RLNav\\NavigationEnvironments\\P0\\Jump93\\Env.exe --run-id=0_Pipeline\\Jump93\\SAC_256\\Run_1 --time-scale=20 --base-port=6260 --width=480 --height=480 --torch-device=cuda",
        "mlagents_version": "0.25.0",
        "mlagents_envs_version": "0.25.0",
        "communication_protocol_version": "1.5.0",
        "pytorch_version": "1.8.1",
        "numpy_version": "1.19.2",
        "end_time_seconds": "1618547383"
    },
    "total": 7962.7521274,
    "count": 1,
    "self": 2.721771199999239,
    "children": {
        "run_training.setup": {
            "total": 0.3195136999999999,
            "count": 1,
            "self": 0.3195136999999999
        },
        "TrainerController.start_learning": {
            "total": 7959.710842500001,
            "count": 1,
            "self": 2.961975700049152,
            "children": {
                "TrainerController._reset_env": {
                    "total": 18.7308999,
                    "count": 1,
                    "self": 18.7308999
                },
                "TrainerController.advance": {
                    "total": 7937.794785699952,
                    "count": 65920,
                    "self": 2.4207544998871526,
                    "children": {
                        "env_step": {
                            "total": 2531.724015700016,
                            "count": 65920,
                            "self": 2326.4949539002405,
                            "children": {
                                "SubprocessEnvManager._take_step": {
                                    "total": 203.7255573999153,
                                    "count": 65920,
                                    "self": 7.9767452998335955,
                                    "children": {
                                        "TorchPolicy.evaluate": {
                                            "total": 195.7488121000817,
                                            "count": 62505,
                                            "self": 75.71384570025594,
                                            "children": {
                                                "TorchPolicy.sample_actions": {
                                                    "total": 120.03496639982575,
                                                    "count": 62505,
                                                    "self": 120.03496639982575
                                                }
                                            }
                                        }
                                    }
                                },
                                "workers": {
                                    "total": 1.503504399860418,
                                    "count": 65920,
                                    "self": 0.0,