{
    "name": "root",
    "gauges": {
        "Basic.Policy.Entropy.mean": {
            "value": -0.6076458692550659,
            "min": -1.3858524560928345,
            "max": 0.9615248441696167,
            "count": 20
        },
        "Basic.Policy.Entropy.sum": {
            "value": -30372.5703125,
            "min": -69314.796875,
            "max": 48183.93359375,
            "count": 20
        },
        "Basic.Policy.ExtrinsicValue.mean": {
            "value": -0.07746036350727081,
            "min": -0.22635765373706818,
            "max": 0.06713634729385376,
            "count": 20
        },
        "Basic.Policy.ExtrinsicValue.sum": {
            "value": -398.5335693359375,
            "min": -1149.2177734375,
            "max": 345.752197265625,
            "count": 20
        },
        "Basic.Environment.EpisodeLength.mean": {
            "value": 149.61861861861863,
            "min": 133.43351063829786,
            "max": 253.7098445595855,
            "count": 20
        },
        "Basic.Environment.EpisodeLength.sum": {
            "value": 49823.0,
            "min": 48966.0,
            "max": 50580.0,
            "count": 20
        },
        "Basic.Environment.CumulativeReward.mean": {
            "value": 0.34965987206512206,
            "min": -0.24246903551366045,
            "max": 0.4388456214831708,
            "count": 20
        },
        "Basic.Environment.CumulativeReward.sum": {
            "value": 116.43673739768565,
            "min": -46.79652385413647,
            "max": 164.03927907161415,
            "count": 20
        },
        "Basic.Policy.ExtrinsicReward.mean": {
            "value": 0.34965987206512206,
            "min": -0.24246903551366045,
            "max": 0.4388456214831708,
            "count": 20
        },
        "Basic.Policy.ExtrinsicReward.sum": {
            "value": 116.43673739768565,
            "min": -46.79652385413647,
            "max": 164.03927907161415,
            "count": 20
        },
        "Basic.Losses.PolicyLoss.mean": {
            "value": 0.06451102937908533,
            "min": -0.04268791846266398,
            "max": 0.2500631513779367,
            "count": 20
        },
        "Basic.Losses.PolicyLoss.sum": {
            "value": 322.5551468954267,
            "min": -213.35421647639458,
            "max": 1249.5655674355498,
            "count": 20
        },
        "Basic.Losses.ValueLoss.mean": {
            "value": 1.7006041951181034e-05,
            "min": 1.7006041951181034e-05,
            "max": 0.0006330922634744866,
            "count": 20
        },
        "Basic.Losses.ValueLoss.sum": {
            "value": 0.08503020975590517,
            "min": 0.08503020975590517,
            "max": 2.514009378257186,
            "count": 20
        },
        "Basic.Losses.Q1Loss.mean": {
            "value": 0.00048276192376797553,
            "min": 0.0002296847422709001,
            "max": 0.0010418964396064683,
            "count": 20
        },
        "Basic.Losses.Q1Loss.sum": {
            "value": 2.4138096188398777,
            "min": 1.149801819808126,
            "max": 4.1373707616772855,
            "count": 20
        },
        "Basic.Losses.Q2Loss.mean": {
            "value": 0.0004851556333842746,
            "min": 0.00023247092205363343,
            "max": 0.0008551115457605298,
            "count": 20
        },
        "Basic.Losses.Q2Loss.sum": {
            "value": 2.425778166921373,
            "min": 1.163749435800489,
            "max": 3.395647948215064,
            "count": 20
        },
        "Basic.Policy.ContinuousEntropyCoeff.mean": {
            "value": 0.000152955973224986,
            "min": 2.9531005346429993e-05,
            "max": 0.005950583620648534,
            "count": 20
        },
        "Basic.Policy.ContinuousEntropyCoeff.sum": {
            "value": 0.7647798661249301,
            "min": 0.1476845577374964,
            "max": 23.62976755759533,
            "count": 20
        },
        "Basic.Policy.LearningRate.mean": {
            "value": 7.497827520756658e-06,
            "min": 7.497827520756658e-06,
            "max": 0.0002909459264126364,
            "count": 20
        },
        "Basic.Policy.LearningRate.sum": {
            "value": 0.03748913760378329,
            "min": 0.03748913760378329,
            "max": 1.3866684659771904,
            "count": 20
        },
        "Basic.IsTraining.mean": {
            "value": 1.0,
            "min": 1.0,
            "max": 1.0,
            "count": 20
        },
        "Basic.IsTraining.sum": {
            "value": 1.0,
            "min": 1.0,
            "max": 1.0,
            "count": 20
        }
    },
    "metadata": {
        "timer_format_version": "0.1.0",
        "start_time_seconds": "1618546875",
        "python_version": "3.8.8 (default, Feb 24 2021, 15:54:32) [MSC v.1928 64 bit (AMD64)]",
        "command_line_arguments": "C:\\Users\\user\\Anaconda3\\envs\\rlnav\\Scripts\\mlagents-learn rlnav/configs/SAC_512.yaml --env=C:\\Users\\user\\Desktop\\RLNav\\NavigationEnvironments\\P0\\Jump18\\Env.exe --run-id=0_Pipeline\\Jump18\\SAC_512\\Run_0 --time-scale=20 --base-port=6460 --width=480 --height=480 --torch-device=cuda",
        "mlagents_version": "0.25.0",
        "mlagents_envs_version": "0.25.0",
        "communication_protocol_version": "1.5.0",
        "pytorch_version": "1.8.1",
        "numpy_version": "1.19.2",
        "end_time_seconds": "1618557176"
    },
    "total": 10301.479245499999,
    "count": 1,
    "self": 2.618685999997979,
    "children": {
        "run_training.setup": {
            "total": 0.2978383,
            "count": 1,
            "self": 0.2978383
        },
        "TrainerController.start_learning": {
            "total": 10298.5627212,
            "count": 1,
            "self": 3.1828771999335004,
            "children": {
                "TrainerController._reset_env": {
                    "total": 12.1981325,
                    "count": 1,
                    "self": 12.1981325
                },
                "TrainerController.advance": {
                    "total": 10282.972056500066,
                    "count": 66098,
                    "self": 2.552940000243325,
                    "children": {
                        "env_step": {
                            "total": 2206.0544224999494,
                            "count": 66098,
                            "self": 1984.4838501000486,
                            "children": {
                                "SubprocessEnvManager._take_step": {
                                    "total": 219.93954199995795,
                                    "count": 66098,
                                    "self": 8.897086399904651,
                                    "children": {
                                        "TorchPolicy.evaluate": {
                                            "total": 211.0424556000533,
                                            "count": 62505,
                                            "self": 82.49308809995293,
                                            "children": {
                                                "TorchPolicy.sample_actions": {
                                                    "total": 128.54936750010037,
                                                    "count": 62505,
                                                    "self": 128.54936750010037
                                                }
                                            }
                                        }
                                    }
                                },
                                "workers": {
                                    "total": 1.6310303999427944,
                                    "count": 66098,
                                    "self": 0.0,