{
    "name": "root",
    "gauges": {
        "Basic.Policy.Entropy.mean": {
            "value": -0.4418269693851471,
            "min": -0.47146856784820557,
            "max": 1.1681586503982544,
            "count": 20
        },
        "Basic.Policy.Entropy.sum": {
            "value": -22105.486328125,
            "min": -23573.427734375,
            "max": 58538.765625,
            "count": 20
        },
        "Basic.Policy.ExtrinsicValue.mean": {
            "value": -0.14255954325199127,
            "min": -0.1458316445350647,
            "max": 0.03888341411948204,
            "count": 20
        },
        "Basic.Policy.ExtrinsicValue.sum": {
            "value": -732.613525390625,
            "min": -747.3871459960938,
            "max": 197.44998168945312,
            "count": 20
        },
        "Basic.Environment.EpisodeLength.mean": {
            "value": 157.59561128526647,
            "min": 142.1878612716763,
            "max": 252.03092783505156,
            "count": 20
        },
        "Basic.Environment.EpisodeLength.sum": {
            "value": 50273.0,
            "min": 48894.0,
            "max": 50364.0,
            "count": 20
        },
        "Basic.Environment.CumulativeReward.mean": {
            "value": 0.3013405037232234,
            "min": -0.23075634984241933,
            "max": 0.38699378506307397,
            "count": 20
        },
        "Basic.Environment.CumulativeReward.sum": {
            "value": 96.12762068770826,
            "min": -44.76673186942935,
            "max": 133.8998496318236,
            "count": 20
        },
        "Basic.Policy.ExtrinsicReward.mean": {
            "value": 0.3013405037232234,
            "min": -0.23075634984241933,
            "max": 0.38699378506307397,
            "count": 20
        },
        "Basic.Policy.ExtrinsicReward.sum": {
            "value": 96.12762068770826,
            "min": -44.76673186942935,
            "max": 133.8998496318236,
            "count": 20
        },
        "Basic.Losses.PolicyLoss.mean": {
            "value": 0.1626495577312774,
            "min": -0.03941671501834098,
            "max": 0.1626495577312774,
            "count": 20
        },
        "Basic.Losses.PolicyLoss.sum": {
            "value": 813.4104382141182,
            "min": -156.52377533783203,
            "max": 813.4104382141182,
            "count": 20
        },
        "Basic.Losses.ValueLoss.mean": {
            "value": 3.3385010303029364e-05,
            "min": 3.3385010303029364e-05,
            "max": 0.0006409613612515846,
            "count": 20
        },
        "Basic.Losses.ValueLoss.sum": {
            "value": 0.16695843652544984,
            "min": 0.16695843652544984,
            "max": 2.5452575655300427,
            "count": 20
        },
        "Basic.Losses.Q1Loss.mean": {
            "value": 0.0006530689541967249,
            "min": 0.0004920372518879505,
            "max": 0.0008511955687682523,
            "count": 20
        },
        "Basic.Losses.Q1Loss.sum": {
            "value": 3.265997839937821,
            "min": 2.2612519774554145,
            "max": 4.255126648272493,
            "count": 20
        },
        "Basic.Losses.Q2Loss.mean": {
            "value": 0.0006500997820790004,
            "min": 0.0004923591948999507,
            "max": 0.0008858873829118931,
            "count": 20
        },
        "Basic.Losses.Q2Loss.sum": {
            "value": 3.2511490101770812,
            "min": 2.4632730520844537,
            "max": 4.258199975385651,
            "count": 20
        },
        "Basic.Policy.ContinuousEntropyCoeff.mean": {
            "value": 0.00013063481466551508,
            "min": 5.159257114327678e-05,
            "max": 0.0059077733687362965,
            "count": 20
        },
        "Basic.Policy.ContinuousEntropyCoeff.sum": {
            "value": 0.653304708142241,
            "min": 0.2579628557163839,
            "max": 23.459768047251835,
            "count": 20
        },
        "Basic.Policy.LearningRate.mean": {
            "value": 7.4998152565427915e-06,
            "min": 7.4998152565427915e-06,
            "max": 0.00029094721087456033,
            "count": 20
        },
        "Basic.Policy.LearningRate.sum": {
            "value": 0.0375065760979705,
            "min": 0.0375065760979705,
            "max": 1.3875195647934908,
            "count": 20
        },
        "Basic.IsTraining.mean": {
            "value": 1.0,
            "min": 1.0,
            "max": 1.0,
            "count": 20
        },
        "Basic.IsTraining.sum": {
            "value": 1.0,
            "min": 1.0,
            "max": 1.0,
            "count": 20
        }
    },
    "metadata": {
        "timer_format_version": "0.1.0",
        "start_time_seconds": "1618571592",
        "python_version": "3.8.8 (default, Feb 24 2021, 15:54:32) [MSC v.1928 64 bit (AMD64)]",
        "command_line_arguments": "C:\\Users\\user\\Anaconda3\\envs\\rlnav\\Scripts\\mlagents-learn rlnav/configs/SAC_256.yaml --env=C:\\Users\\user\\Desktop\\RLNav\\NavigationEnvironments\\P0\\Jump93\\Env.exe --run-id=0_Pipeline\\Jump93\\SAC_256\\Run_2 --time-scale=20 --base-port=6161 --width=480 --height=480 --torch-device=cuda",
        "mlagents_version": "0.25.0",
        "mlagents_envs_version": "0.25.0",
        "communication_protocol_version": "1.5.0",
        "pytorch_version": "1.8.1",
        "numpy_version": "1.19.2",
        "end_time_seconds": "1618579178"
    },
    "total": 7586.1939117,
    "count": 1,
    "self": 2.4703913000003013,
    "children": {
        "run_training.setup": {
            "total": 0.22517940000000003,
            "count": 1,
            "self": 0.22517940000000003
        },
        "TrainerController.start_learning": {
            "total": 7583.4983409999995,
            "count": 1,
            "self": 2.860261099980562,
            "children": {
                "TrainerController._reset_env": {
                    "total": 15.8778562,
                    "count": 1,
                    "self": 15.8778562
                },
                "TrainerController.advance": {
                    "total": 7564.59474540002,
                    "count": 66914,
                    "self": 2.3157390000069427,
                    "children": {
                        "env_step": {
                            "total": 2405.346786599971,
                            "count": 66914,
                            "self": 2209.088913499824,
                            "children": {
                                "SubprocessEnvManager._take_step": {
                                    "total": 194.70471280007308,
                                    "count": 66914,
                                    "self": 7.443522100033135,
                                    "children": {
                                        "TorchPolicy.evaluate": {
                                            "total": 187.26119070003995,
                                            "count": 62506,
                                            "self": 73.58675659995322,
                                            "children": {
                                                "TorchPolicy.sample_actions": {
                                                    "total": 113.67443410008673,
                                                    "count": 62506,
                                                    "self": 113.67443410008673
                                                }
                                            }
                                        }
                                    }
                                },
                                "workers": {
                                    "total": 1.5531603000740972,
                                    "count": 66914,
                                    "self": 0.0,