{
    "name": "root",
    "gauges": {
        "Basic.Policy.Entropy.mean": {
            "value": -0.38632768392562866,
            "min": -0.5567893385887146,
            "max": 1.41937255859375,
            "count": 70
        },
        "Basic.Policy.Entropy.sum": {
            "value": -3863.27685546875,
            "min": -5585.7109375,
            "max": 14352.6953125,
            "count": 70
        },
        "Basic.Policy.ExtrinsicValue.mean": {
            "value": 0.7835615873336792,
            "min": -0.38946864008903503,
            "max": 0.7974854707717896,
            "count": 70
        },
        "Basic.Policy.ExtrinsicValue.sum": {
            "value": 865.052001953125,
            "min": -396.47906494140625,
            "max": 877.9090576171875,
            "count": 70
        },
        "Basic.Environment.EpisodeLength.mean": {
            "value": 43.05990783410138,
            "min": 41.61764705882353,
            "max": 255.0,
            "count": 70
        },
        "Basic.Environment.EpisodeLength.sum": {
            "value": 9344.0,
            "min": 8160.0,
            "max": 12276.0,
            "count": 70
        },
        "Basic.Environment.CumulativeReward.mean": {
            "value": 1.2482539748575556,
            "min": -0.39408692182041705,
            "max": 1.2852306247112297,
            "count": 70
        },
        "Basic.Environment.CumulativeReward.sum": {
            "value": 270.87111254408956,
            "min": -18.91617224738002,
            "max": 297.1001214943826,
            "count": 70
        },
        "Basic.Policy.ExtrinsicReward.mean": {
            "value": 1.2482539748575556,
            "min": -0.39408692182041705,
            "max": 1.2852306247112297,
            "count": 70
        },
        "Basic.Policy.ExtrinsicReward.sum": {
            "value": 270.87111254408956,
            "min": -18.91617224738002,
            "max": 297.1001214943826,
            "count": 70
        },
        "Basic.IsTraining.mean": {
            "value": 1.0,
            "min": 1.0,
            "max": 1.0,
            "count": 70
        },
        "Basic.IsTraining.sum": {
            "value": 1.0,
            "min": 1.0,
            "max": 1.0,
            "count": 70
        },
        "Basic.Losses.PolicyLoss.mean": {
            "value": -0.7722370237072229,
            "min": -0.7803635930514916,
            "max": 0.33641178478516487,
            "count": 69
        },
        "Basic.Losses.PolicyLoss.sum": {
            "value": -770.6925496598085,
            "min": -783.4850474236976,
            "max": 337.73252470636555,
            "count": 69
        },
        "Basic.Losses.ValueLoss.mean": {
            "value": 3.673611317294254e-05,
            "min": 3.402250504086624e-05,
            "max": 0.001241391732917169,
            "count": 69
        },
        "Basic.Losses.ValueLoss.sum": {
            "value": 0.03666264094659666,
            "min": 0.034022505040866236,
            "max": 1.1991844139979853,
            "count": 69
        },
        "Basic.Losses.Q1Loss.mean": {
            "value": 0.000602896730509939,
            "min": 0.00024640272198416186,
            "max": 0.002032259586827448,
            "count": 69
        },
        "Basic.Losses.Q1Loss.sum": {
            "value": 0.6016909370489192,
            "min": 0.24467790293027272,
            "max": 2.028195067653793,
            "count": 69
        },
        "Basic.Losses.Q2Loss.mean": {
            "value": 0.000602444970997545,
            "min": 0.0002391878053311235,
            "max": 0.0020427792226825957,
            "count": 69
        },
        "Basic.Losses.Q2Loss.sum": {
            "value": 0.6012400810555499,
            "min": 0.23751349069380565,
            "max": 2.0386936642372304,
            "count": 69
        },
        "Basic.Policy.ContinuousEntropyCoeff.mean": {
            "value": 0.0002222183025918546,
            "min": 9.431596998207775e-05,
            "max": 0.008735677114884755,
            "count": 69
        },
        "Basic.Policy.ContinuousEntropyCoeff.sum": {
            "value": 0.22177386598667087,
            "min": 0.09431596998207775,
            "max": 8.438664092978673,
            "count": 69
        },
        "Basic.Policy.LearningRate.mean": {
            "value": 9.638714593334874e-05,
            "min": 9.638714593334874e-05,
            "max": 0.000295560220812225,
            "count": 69
        },
        "Basic.Policy.LearningRate.sum": {
            "value": 0.09619437164148203,
            "min": 0.09619437164148203,
            "max": 0.294137375501084,
            "count": 69
        }
    },
    "metadata": {
        "timer_format_version": "0.1.0",
        "start_time_seconds": "1618320409",
        "python_version": "3.8.8 (default, Feb 24 2021, 15:54:32) [MSC v.1928 64 bit (AMD64)]",
        "command_line_arguments": "C:\\Users\\user\\Anaconda3\\envs\\rlnav\\Scripts\\mlagents-learn rlnav/configs/SAC.yaml --env=C:\\Users\\user\\Desktop\\RLNav\\NavigationEnvironments\\P0\\Jump\\Env.exe --run-id=0_Pipeline\\Jump\\SAC\\Run_4 --time-scale=10 --base-port=6404 --width=480 --height=480",
        "mlagents_version": "0.25.0",
        "mlagents_envs_version": "0.25.0",
        "communication_protocol_version": "1.5.0",
        "pytorch_version": "1.8.1+cpu",
        "numpy_version": "1.19.5",
        "end_time_seconds": "1618327341"
    },
    "total": 6932.024353600001,
    "count": 1,
    "self": 2.4534889000005933,
    "children": {
        "run_training.setup": {
            "total": 0.25903319999999974,
            "count": 1,
            "self": 0.25903319999999974
        },
        "TrainerController.start_learning": {
            "total": 6929.3118315,
            "count": 1,
            "self": 2.8009725000347316,
            "children": {
                "TrainerController._reset_env": {
                    "total": 6.8976594,
                    "count": 1,
                    "self": 6.8976594
                },
                "TrainerController.advance": {
                    "total": 6919.408227299966,
                    "count": 48209,
                    "self": 2.3211710999003117,
                    "children": {
                        "env_step": {
                            "total": 1502.439954700019,
                            "count": 48209,
                            "self": 1408.748115000001,
                            "children": {
                                "SubprocessEnvManager._take_step": {
                                    "total": 92.19530420003353,
                                    "count": 48209,
                                    "self": 6.564349500058995,
                                    "children": {
                                        "TorchPolicy.evaluate": {
                                            "total": 85.63095469997454,
                                            "count": 44201,
                                            "self": 10.688550199971516,
                                            "children": {
                                                "TorchPolicy.sample_actions": {
                                                    "total": 74.94240450000302,
                                                    "count": 44201,
                                                    "self": 74.94240450000302
                                                }
                                            }
                                        }
                                    }
                                },
                                "workers": {
                                    "total": 1.4965354999844553,
                                    "count": 48209,
                                    "self": 0.0,