{
    "name": "root",
    "gauges": {
        "Basic.Policy.Entropy.mean": {
            "value": 1.1631052494049072,
            "min": 1.162872552871704,
            "max": 1.4220480918884277,
            "count": 102
        },
        "Basic.Policy.Entropy.sum": {
            "value": 11612.4423828125,
            "min": 11612.4423828125,
            "max": 14243.2333984375,
            "count": 102
        },
        "Basic.Policy.ExtrinsicValueEstimate.mean": {
            "value": 0.04451168701052666,
            "min": -0.012935706414282322,
            "max": 0.06492943316698074,
            "count": 102
        },
        "Basic.Policy.ExtrinsicValueEstimate.sum": {
            "value": 149.8263397216797,
            "min": -43.399295806884766,
            "max": 218.61740112304688,
            "count": 102
        },
        "Basic.Environment.EpisodeLength.mean": {
            "value": 146.04615384615386,
            "min": 118.07407407407408,
            "max": 255.0,
            "count": 102
        },
        "Basic.Environment.EpisodeLength.sum": {
            "value": 9493.0,
            "min": 8160.0,
            "max": 12253.0,
            "count": 102
        },
        "Basic.Environment.CumulativeReward.mean": {
            "value": 0.6071401045586055,
            "min": -0.32729835480903136,
            "max": 0.7839829736579973,
            "count": 102
        },
        "Basic.Environment.CumulativeReward.sum": {
            "value": 39.46410679630935,
            "min": -13.251641888171434,
            "max": 65.07058681361377,
            "count": 102
        },
        "Basic.Policy.ExtrinsicReward.mean": {
            "value": 0.6071401045586055,
            "min": -0.32729835480903136,
            "max": 0.7839829736579973,
            "count": 102
        },
        "Basic.Policy.ExtrinsicReward.sum": {
            "value": 39.46410679630935,
            "min": -13.251641888171434,
            "max": 65.07058681361377,
            "count": 102
        },
        "Basic.Losses.PolicyLoss.mean": {
            "value": 0.048829477579096815,
            "min": 0.041802371740535214,
            "max": 0.05976839519765538,
            "count": 102
        },
        "Basic.Losses.PolicyLoss.sum": {
            "value": 0.14648843273729045,
            "min": 0.08464307813846972,
            "max": 0.16446467666780032,
            "count": 102
        },
        "Basic.Losses.ValueLoss.mean": {
            "value": 0.003281916170938833,
            "min": 3.688493327066074e-06,
            "max": 0.00603983973026819,
            "count": 102
        },
        "Basic.Losses.ValueLoss.sum": {
            "value": 0.009845748512816499,
            "min": 7.376986654132148e-06,
            "max": 0.01516585845456575,
            "count": 102
        },
        "Basic.Policy.LearningRate.mean": {
            "value": 2.7681654835612007e-06,
            "min": 2.7681654835612007e-06,
            "max": 0.00029817890685703127,
            "count": 102
        },
        "Basic.Policy.LearningRate.sum": {
            "value": 8.304496450683602e-06,
            "min": 8.304496450683602e-06,
            "max": 0.0008781468822843749,
            "count": 102
        },
        "Basic.Policy.Epsilon.mean": {
            "value": 0.10092268880208334,
            "min": 0.10092268880208334,
            "max": 0.19939296875,
            "count": 102
        },
        "Basic.Policy.Epsilon.sum": {
            "value": 0.30276806640625004,
            "min": 0.20384843750000003,
            "max": 0.5927156250000001,
            "count": 102
        },
        "Basic.Policy.Beta.mean": {
            "value": 5.6042171223958375e-05,
            "min": 5.6042171223958375e-05,
            "max": 0.0049697091406250005,
            "count": 102
        },
        "Basic.Policy.Beta.sum": {
            "value": 0.00016812651367187513,
            "min": 0.00016812651367187513,
            "max": 0.0146365096875,
            "count": 102
        },
        "Basic.IsTraining.mean": {
            "value": 1.0,
            "min": 1.0,
            "max": 1.0,
            "count": 102
        },
        "Basic.IsTraining.sum": {
            "value": 1.0,
            "min": 1.0,
            "max": 1.0,
            "count": 102
        }
    },
    "metadata": {
        "timer_format_version": "0.1.0",
        "start_time_seconds": "1618376779",
        "python_version": "3.8.8 (default, Feb 24 2021, 15:54:32) [MSC v.1928 64 bit (AMD64)]",
        "command_line_arguments": "C:\\Users\\user\\Anaconda3\\envs\\rlnav\\Scripts\\mlagents-learn rlnav/configs/PPO.yaml --env=C:\\Users\\user\\Desktop\\RLNav\\NavigationEnvironments\\P0\\Jump\\Env.exe --run-id=0_Pipeline\\Jump93\\PPO\\Run_2 --time-scale=10 --base-port=6822 --width=480 --height=480",
        "mlagents_version": "0.25.0",
        "mlagents_envs_version": "0.25.0",
        "communication_protocol_version": "1.5.0",
        "pytorch_version": "1.8.1+cpu",
        "numpy_version": "1.19.5",
        "end_time_seconds": "1618381906"
    },
    "total": 5126.5060008,
    "count": 1,
    "self": 2.6049246999991738,
    "children": {
        "run_training.setup": {
            "total": 0.3345901000000002,
            "count": 1,
            "self": 0.3345901000000002
        },
        "TrainerController.start_learning": {
            "total": 5123.566486000001,
            "count": 1,
            "self": 4.435497400052554,
            "children": {
                "TrainerController._reset_env": {
                    "total": 7.9762951,
                    "count": 1,
                    "self": 7.9762951
                },
                "TrainerController.advance": {
                    "total": 5110.906876799948,
                    "count": 68930,
                    "self": 4.045855799997298,
                    "children": {
                        "env_step": {
                            "total": 2778.7264989999985,
                            "count": 68930,
                            "self": 2634.7753708999403,
                            "children": {
                                "SubprocessEnvManager._take_step": {
                                    "total": 141.56942659999973,
                                    "count": 68930,
                                    "self": 10.864611699989922,
                                    "children": {
                                        "TorchPolicy.evaluate": {
                                            "total": 130.7048149000098,
                                            "count": 64002,
                                            "self": 21.92588829989981,
                                            "children": {
                                                "TorchPolicy.sample_actions": {
                                                    "total": 108.77892660011,
                                                    "count": 64002,
                                                    "self": 108.77892660011
                                                }
                                            }
                                        }
                                    }
                                },
                                "workers": {
                                    "total": 2.3817015000586093,
                                    "count": 68930,
                                    "self": 0.0,
                                    "children": {
                                        "worker_root": {
                                            "total": 5110.297460199985,
                                            "count": 68930,
                                            "is_parallel": true,
                                            "self": 2749.8718337999003,