{
    "name": "root",
    "gauges": {
        "Basic.Policy.Entropy.mean": {
            "value": -1.0747849941253662,
            "min": -1.2259718179702759,
            "max": 1.0472978353500366,
            "count": 20
        },
        "Basic.Policy.Entropy.sum": {
            "value": -53722.05078125,
            "min": -61318.20703125,
            "max": 52482.19140625,
            "count": 20
        },
        "Basic.Policy.ExtrinsicValue.mean": {
            "value": -0.03436121717095375,
            "min": -0.08564974367618561,
            "max": 0.15520785748958588,
            "count": 20
        },
        "Basic.Policy.ExtrinsicValue.sum": {
            "value": -177.2351531982422,
            "min": -436.2998046875,
            "max": 787.8350830078125,
            "count": 20
        },
        "Basic.Environment.EpisodeLength.mean": {
            "value": 134.02717391304347,
            "min": 134.0,
            "max": 255.0,
            "count": 20
        },
        "Basic.Environment.EpisodeLength.sum": {
            "value": 49322.0,
            "min": 48960.0,
            "max": 50588.0,
            "count": 20
        },
        "Basic.Environment.CumulativeReward.mean": {
            "value": 0.4482570625436695,
            "min": -0.2489839124706729,
            "max": 0.4660087923445721,
            "count": 20
        },
        "Basic.Environment.CumulativeReward.sum": {
            "value": 164.95859901607037,
            "min": -47.8049111943692,
            "max": 171.02522679045796,
            "count": 20
        },
        "Basic.Policy.ExtrinsicReward.mean": {
            "value": 0.4482570625436695,
            "min": -0.2489839124706729,
            "max": 0.4660087923445721,
            "count": 20
        },
        "Basic.Policy.ExtrinsicReward.sum": {
            "value": 164.95859901607037,
            "min": -47.8049111943692,
            "max": 171.02522679045796,
            "count": 20
        },
        "Basic.Losses.PolicyLoss.mean": {
            "value": 0.03813966925800911,
            "min": -0.23378568260675478,
            "max": 0.0986980258265048,
            "count": 20
        },
        "Basic.Losses.PolicyLoss.sum": {
            "value": 190.62206695152952,
            "min": -928.3629456314233,
            "max": 494.27971333913604,
            "count": 20
        },
        "Basic.Losses.ValueLoss.mean": {
            "value": 1.6574055007091873e-05,
            "min": 1.6574055007091873e-05,
            "max": 0.0012167877709244642,
            "count": 20
        },
        "Basic.Losses.ValueLoss.sum": {
            "value": 0.08283712692544518,
            "min": 0.08283712692544518,
            "max": 4.831864238341048,
            "count": 20
        },
        "Basic.Losses.Q1Loss.mean": {
            "value": 0.000479146602793813,
            "min": 0.00016571479500075882,
            "max": 0.0013276600571057338,
            "count": 20
        },
        "Basic.Losses.Q1Loss.sum": {
            "value": 2.3947747207634773,
            "min": 0.8285739750037941,
            "max": 5.272138086766869,
            "count": 20
        },
        "Basic.Losses.Q2Loss.mean": {
            "value": 0.00048235347514839565,
            "min": 0.00016650542942032304,
            "max": 0.001279424849763164,
            "count": 20
        },
        "Basic.Losses.Q2Loss.sum": {
            "value": 2.4108026687916815,
            "min": 0.8325271471016152,
            "max": 5.080596078409524,
            "count": 20
        },
        "Basic.Policy.ContinuousEntropyCoeff.mean": {
            "value": 0.00011205027578990113,
            "min": 2.2700801314107854e-05,
            "max": 0.00592535082014192,
            "count": 20
        },
        "Basic.Policy.ContinuousEntropyCoeff.sum": {
            "value": 0.5600272783979259,
            "min": 0.11350400657053927,
            "max": 23.529568106783564,
            "count": 20
        },
        "Basic.Policy.LearningRate.mean": {
            "value": 7.500927451704141e-06,
            "min": 7.500927451704141e-06,
            "max": 0.0002909459120585743,
            "count": 20
        },
        "Basic.Policy.LearningRate.sum": {
            "value": 0.0374896354036173,
            "min": 0.0374896354036173,
            "max": 1.386378951573695,
            "count": 20
        },
        "Basic.IsTraining.mean": {
            "value": 1.0,
            "min": 1.0,
            "max": 1.0,
            "count": 20
        },
        "Basic.IsTraining.sum": {
            "value": 1.0,
            "min": 1.0,
            "max": 1.0,
            "count": 20
        }
    },
    "metadata": {
        "timer_format_version": "0.1.0",
        "start_time_seconds": "1618577359",
        "python_version": "3.8.8 (default, Feb 24 2021, 15:54:32) [MSC v.1928 64 bit (AMD64)]",
        "command_line_arguments": "C:\\Users\\user\\Anaconda3\\envs\\rlnav\\Scripts\\mlagents-learn rlnav/configs/SAC_512.yaml --env=C:\\Users\\user\\Desktop\\RLNav\\NavigationEnvironments\\P0\\Jump18\\Env.exe --run-id=0_Pipeline\\Jump18\\SAC_512\\Run_1 --time-scale=20 --base-port=6861 --width=480 --height=480 --torch-device=cuda",
        "mlagents_version": "0.25.0",
        "mlagents_envs_version": "0.25.0",
        "communication_protocol_version": "1.5.0",
        "pytorch_version": "1.8.1",
        "numpy_version": "1.19.2",
        "end_time_seconds": "1618586348"
    },
    "total": 8989.0175437,
    "count": 1,
    "self": 2.4590783000003285,
    "children": {
        "run_training.setup": {
            "total": 0.2264819,
            "count": 1,
            "self": 0.2264819
        },
        "TrainerController.start_learning": {
            "total": 8986.3319835,
            "count": 1,
            "self": 2.6309891001055803,
            "children": {
                "TrainerController._reset_env": {
                    "total": 10.7665995,
                    "count": 1,
                    "self": 10.7665995
                },
                "TrainerController.advance": {
                    "total": 8972.781045699892,
                    "count": 66839,
                    "self": 2.173831399924893,
                    "children": {
                        "env_step": {
                            "total": 1963.8788027000958,
                            "count": 66839,
                            "self": 1769.8953583000211,
                            "children": {
                                "SubprocessEnvManager._take_step": {
                                    "total": 192.55780260013682,
                                    "count": 66839,
                                    "self": 7.297101100091595,
                                    "children": {
                                        "TorchPolicy.evaluate": {
                                            "total": 185.26070150004523,
                                            "count": 62504,
                                            "self": 73.36449579987288,
                                            "children": {
                                                "TorchPolicy.sample_actions": {
                                                    "total": 111.89620570017235,
                                                    "count": 62504,
                                                    "self": 111.89620570017235
                                                }
                                            }
                                        }
                                    }
                                },
                                "workers": {
                                    "total": 1.425641799937683,
                                    "count": 66839,
                                    "self": 0.0,