{
    "name": "root",
    "gauges": {
        "Basic.Policy.Entropy.mean": {
            "value": 1.1493948698043823,
            "min": 1.1493948698043823,
            "max": 1.4172966480255127,
            "count": 102
        },
        "Basic.Policy.Entropy.sum": {
            "value": 11493.94921875,
            "min": 11478.208984375,
            "max": 14195.6435546875,
            "count": 102
        },
        "Basic.Policy.ExtrinsicValueEstimate.mean": {
            "value": 0.03964158892631531,
            "min": -0.07730839401483536,
            "max": 0.07105834782123566,
            "count": 102
        },
        "Basic.Policy.ExtrinsicValueEstimate.sum": {
            "value": 133.43359375,
            "min": -259.2923583984375,
            "max": 239.39556884765625,
            "count": 102
        },
        "Basic.Environment.EpisodeLength.mean": {
            "value": 152.12857142857143,
            "min": 120.51190476190476,
            "max": 255.0,
            "count": 102
        },
        "Basic.Environment.EpisodeLength.sum": {
            "value": 10649.0,
            "min": 8160.0,
            "max": 12240.0,
            "count": 102
        },
        "Basic.Environment.CumulativeReward.mean": {
            "value": 0.6495466481628163,
            "min": -0.2490234375,
            "max": 0.8260574545484127,
            "count": 102
        },
        "Basic.Environment.CumulativeReward.sum": {
            "value": 45.46826537139714,
            "min": -11.953125,
            "max": 67.73671127296984,
            "count": 102
        },
        "Basic.Policy.ExtrinsicReward.mean": {
            "value": 0.6495466481628163,
            "min": -0.2490234375,
            "max": 0.8260574545484127,
            "count": 102
        },
        "Basic.Policy.ExtrinsicReward.sum": {
            "value": 45.46826537139714,
            "min": -11.953125,
            "max": 67.73671127296984,
            "count": 102
        },
        "Basic.Losses.PolicyLoss.mean": {
            "value": 0.04439052658926812,
            "min": 0.0388460840240441,
            "max": 0.0574662102056512,
            "count": 102
        },
        "Basic.Losses.PolicyLoss.sum": {
            "value": 0.13317157976780436,
            "min": 0.0776921680480882,
            "max": 0.16790941507103221,
            "count": 102
        },
        "Basic.Losses.ValueLoss.mean": {
            "value": 0.0030679834138330384,
            "min": 7.446710175903112e-06,
            "max": 0.006100968449269809,
            "count": 102
        },
        "Basic.Losses.ValueLoss.sum": {
            "value": 0.009203950241499115,
            "min": 1.4893420351806224e-05,
            "max": 0.015957800367080683,
            "count": 102
        },
        "Basic.Policy.LearningRate.mean": {
            "value": 2.7327162766276123e-06,
            "min": 2.7327162766276123e-06,
            "max": 0.00029817890685703127,
            "count": 102
        },
        "Basic.Policy.LearningRate.sum": {
            "value": 8.198148829882837e-06,
            "min": 8.198148829882837e-06,
            "max": 0.0008781468822843749,
            "count": 102
        },
        "Basic.Policy.Epsilon.mean": {
            "value": 0.10091087239583335,
            "min": 0.10091087239583335,
            "max": 0.19939296875,
            "count": 102
        },
        "Basic.Policy.Epsilon.sum": {
            "value": 0.30273261718750005,
            "min": 0.20382802734375,
            "max": 0.5927156250000001,
            "count": 102
        },
        "Basic.Policy.Beta.mean": {
            "value": 5.545253255208348e-05,
            "min": 5.545253255208348e-05,
            "max": 0.0049697091406250005,
            "count": 102
        },
        "Basic.Policy.Beta.sum": {
            "value": 0.00016635759765625042,
            "min": 0.00016635759765625042,
            "max": 0.0146365096875,
            "count": 102
        },
        "Basic.IsTraining.mean": {
            "value": 1.0,
            "min": 1.0,
            "max": 1.0,
            "count": 102
        },
        "Basic.IsTraining.sum": {
            "value": 1.0,
            "min": 1.0,
            "max": 1.0,
            "count": 102
        }
    },
    "metadata": {
        "timer_format_version": "0.1.0",
        "start_time_seconds": "1618392324",
        "python_version": "3.8.8 (default, Feb 24 2021, 15:54:32) [MSC v.1928 64 bit (AMD64)]",
        "command_line_arguments": "C:\\Users\\user\\Anaconda3\\envs\\rlnav\\Scripts\\mlagents-learn rlnav/configs/PPO.yaml --env=C:\\Users\\user\\Desktop\\RLNav\\NavigationEnvironments\\P0\\Jump\\Env.exe --run-id=0_Pipeline\\Jump93\\PPO\\Run_5 --time-scale=10 --base-port=6805 --width=480 --height=480",
        "mlagents_version": "0.25.0",
        "mlagents_envs_version": "0.25.0",
        "communication_protocol_version": "1.5.0",
        "pytorch_version": "1.8.1+cpu",
        "numpy_version": "1.19.5",
        "end_time_seconds": "1618397509"
    },
    "total": 5185.041745,
    "count": 1,
    "self": 2.6827935000010257,
    "children": {
        "run_training.setup": {
            "total": 0.31525780000000037,
            "count": 1,
            "self": 0.31525780000000037
        },
        "TrainerController.start_learning": {
            "total": 5182.0436936999995,
            "count": 1,
            "self": 4.498747999982697,
            "children": {
                "TrainerController._reset_env": {
                    "total": 8.0657507,
                    "count": 1,
                    "self": 8.0657507
                },
                "TrainerController.advance": {
                    "total": 5169.240815400018,
                    "count": 68926,
                    "self": 4.062447400146084,
                    "children": {
                        "env_step": {
                            "total": 2805.5487592999657,
                            "count": 68926,
                            "self": 2659.384247099882,
                            "children": {
                                "SubprocessEnvManager._take_step": {
                                    "total": 143.74526570009374,
                                    "count": 68926,
                                    "self": 11.0447924001395,
                                    "children": {
                                        "TorchPolicy.evaluate": {
                                            "total": 132.70047329995424,
                                            "count": 64001,
                                            "self": 22.167031199892236,
                                            "children": {
                                                "TorchPolicy.sample_actions": {
                                                    "total": 110.533442100062,
                                                    "count": 64001,
                                                    "self": 110.533442100062
                                                }
                                            }
                                        }
                                    }
                                },
                                "workers": {
                                    "total": 2.4192464999900203,
                                    "count": 68926,
                                    "self": 0.0,
                                    "children": {
                                        "worker_root": {
                                            "total": 5168.5664068000515,
                                            "count": 68926,
                                            "is_parallel": true,
                                            "self": 2785.7284346,