{
    "name": "root",
    "gauges": {
        "Basic.Policy.Entropy.mean": {
            "value": 1.1075589656829834,
            "min": 1.1075589656829834,
            "max": 1.4255775213241577,
            "count": 102
        },
        "Basic.Policy.Entropy.sum": {
            "value": 11093.310546875,
            "min": 11058.419921875,
            "max": 14278.583984375,
            "count": 102
        },
        "Basic.Policy.ExtrinsicValueEstimate.mean": {
            "value": 0.1340325027704239,
            "min": 0.00530097633600235,
            "max": 0.15095828473567963,
            "count": 102
        },
        "Basic.Policy.ExtrinsicValueEstimate.sum": {
            "value": 454.1021423339844,
            "min": 17.82718276977539,
            "max": 512.3524169921875,
            "count": 102
        },
        "Basic.Environment.EpisodeLength.mean": {
            "value": 75.61363636363636,
            "min": 67.26973684210526,
            "max": 255.0,
            "count": 102
        },
        "Basic.Environment.EpisodeLength.sum": {
            "value": 9981.0,
            "min": 8060.0,
            "max": 12240.0,
            "count": 102
        },
        "Basic.Environment.CumulativeReward.mean": {
            "value": 1.0531694140553363,
            "min": -0.2821792175527662,
            "max": 1.1077431671124383,
            "count": 102
        },
        "Basic.Environment.CumulativeReward.sum": {
            "value": 139.01836265530437,
            "min": -13.544602442532778,
            "max": 166.43258983269334,
            "count": 102
        },
        "Basic.Policy.ExtrinsicReward.mean": {
            "value": 1.0531694140553363,
            "min": -0.2821792175527662,
            "max": 1.1077431671124383,
            "count": 102
        },
        "Basic.Policy.ExtrinsicReward.sum": {
            "value": 139.01836265530437,
            "min": -13.544602442532778,
            "max": 166.43258983269334,
            "count": 102
        },
        "Basic.Losses.PolicyLoss.mean": {
            "value": 0.04749648102329552,
            "min": 0.03871267418981006,
            "max": 0.05828198190526261,
            "count": 102
        },
        "Basic.Losses.PolicyLoss.sum": {
            "value": 0.14248944306988656,
            "min": 0.07742534837962012,
            "max": 0.1712643582347179,
            "count": 102
        },
        "Basic.Losses.ValueLoss.mean": {
            "value": 0.0069239665269075585,
            "min": 0.00012054662742381575,
            "max": 0.009727717129862867,
            "count": 102
        },
        "Basic.Losses.ValueLoss.sum": {
            "value": 0.020771899580722675,
            "min": 0.0002410932548476315,
            "max": 0.024989425000967458,
            "count": 102
        },
        "Basic.Policy.LearningRate.mean": {
            "value": 2.8052748461914084e-06,
            "min": 2.8052748461914084e-06,
            "max": 0.00029817890685703127,
            "count": 102
        },
        "Basic.Policy.LearningRate.sum": {
            "value": 8.415824538574225e-06,
            "min": 8.415824538574225e-06,
            "max": 0.0008781468822843749,
            "count": 102
        },
        "Basic.Policy.Epsilon.mean": {
            "value": 0.10093505859375,
            "min": 0.10093505859375,
            "max": 0.19939296875,
            "count": 102
        },
        "Basic.Policy.Epsilon.sum": {
            "value": 0.30280517578125,
            "min": 0.20387333984375003,
            "max": 0.5927156250000001,
            "count": 102
        },
        "Basic.Policy.Beta.mean": {
            "value": 5.665942382812505e-05,
            "min": 5.665942382812505e-05,
            "max": 0.0049697091406250005,
            "count": 102
        },
        "Basic.Policy.Beta.sum": {
            "value": 0.00016997827148437515,
            "min": 0.00016997827148437515,
            "max": 0.0146365096875,
            "count": 102
        },
        "Basic.IsTraining.mean": {
            "value": 1.0,
            "min": 1.0,
            "max": 1.0,
            "count": 102
        },
        "Basic.IsTraining.sum": {
            "value": 1.0,
            "min": 1.0,
            "max": 1.0,
            "count": 102
        }
    },
    "metadata": {
        "timer_format_version": "0.1.0",
        "start_time_seconds": "1618288602",
        "python_version": "3.8.8 (default, Feb 24 2021, 15:54:32) [MSC v.1928 64 bit (AMD64)]",
        "command_line_arguments": "C:\\Users\\user\\Anaconda3\\envs\\rlnav\\Scripts\\mlagents-learn rlnav/configs/PPO.yaml --env=C:\\Users\\user\\Desktop\\RLNav\\NavigationEnvironments\\P0\\Jump\\Env.exe --run-id=0_Pipeline\\Jump\\PPO\\Run_0 --time-scale=10 --base-port=6400 --width=480 --height=480",
        "mlagents_version": "0.25.0",
        "mlagents_envs_version": "0.25.0",
        "communication_protocol_version": "1.5.0",
        "pytorch_version": "1.8.1+cpu",
        "numpy_version": "1.19.5",
        "end_time_seconds": "1618294290"
    },
    "total": 5688.1942804,
    "count": 1,
    "self": 2.8098343000001478,
    "children": {
        "run_training.setup": {
            "total": 0.26244250000000013,
            "count": 1,
            "self": 0.26244250000000013
        },
        "TrainerController.start_learning": {
            "total": 5685.1220035999995,
            "count": 1,
            "self": 5.514815900038229,
            "children": {
                "TrainerController._reset_env": {
                    "total": 7.524099000000001,
                    "count": 1,
                    "self": 7.524099000000001
                },
                "TrainerController.advance": {
                    "total": 5671.902012499961,
                    "count": 70584,
                    "self": 5.3285799998629955,
                    "children": {
                        "env_step": {
                            "total": 3072.1615028999604,
                            "count": 70584,
                            "self": 2900.5559656998535,
                            "children": {
                                "SubprocessEnvManager._take_step": {
                                    "total": 168.78031670008454,
                                    "count": 70584,
                                    "self": 13.821326300086326,
                                    "children": {
                                        "TorchPolicy.evaluate": {
                                            "total": 154.9589903999982,
                                            "count": 64002,
                                            "self": 27.958388000094203,
                                            "children": {
                                                "TorchPolicy.sample_actions": {
                                                    "total": 127.00060239990401,
                                                    "count": 64002,
                                                    "self": 127.00060239990401
                                                }
                                            }
                                        }
                                    }
                                },
                                "workers": {
                                    "total": 2.8252205000222173,
                                    "count": 70584,
                                    "self": 0.0,
                                    "children": {
                                        "worker_root": {
                                            "total": 5670.8429779000535,
                                            "count": 70584,
                                            "is_parallel": true,
                                            "self": 3082.2754551000116,