{
    "name": "root",
    "gauges": {
        "Basic.Policy.Entropy.mean": {
            "value": 1.1846143007278442,
            "min": 1.1846143007278442,
            "max": 1.438236117362976,
            "count": 102
        },
        "Basic.Policy.Entropy.sum": {
            "value": 11846.1435546875,
            "min": 11828.6962890625,
            "max": 14387.037109375,
            "count": 102
        },
        "Basic.Policy.ExtrinsicValueEstimate.mean": {
            "value": 0.04378369450569153,
            "min": -0.1730908751487732,
            "max": 0.07706408947706223,
            "count": 102
        },
        "Basic.Policy.ExtrinsicValueEstimate.sum": {
            "value": 147.55105590820312,
            "min": -580.5468139648438,
            "max": 259.9371643066406,
            "count": 102
        },
        "Basic.Environment.EpisodeLength.mean": {
            "value": 135.21621621621622,
            "min": 120.01149425287356,
            "max": 255.0,
            "count": 102
        },
        "Basic.Environment.EpisodeLength.sum": {
            "value": 10006.0,
            "min": 8160.0,
            "max": 12284.0,
            "count": 102
        },
        "Basic.Environment.CumulativeReward.mean": {
            "value": 0.6944023403213233,
            "min": -0.2490234375,
            "max": 0.7810232268282394,
            "count": 102
        },
        "Basic.Environment.CumulativeReward.sum": {
            "value": 51.38577318377793,
            "min": -11.953125,
            "max": 67.94902073405683,
            "count": 102
        },
        "Basic.Policy.ExtrinsicReward.mean": {
            "value": 0.6944023403213233,
            "min": -0.2490234375,
            "max": 0.7810232268282394,
            "count": 102
        },
        "Basic.Policy.ExtrinsicReward.sum": {
            "value": 51.38577318377793,
            "min": -11.953125,
            "max": 67.94902073405683,
            "count": 102
        },
        "Basic.Losses.PolicyLoss.mean": {
            "value": 0.04401284796909346,
            "min": 0.04067282294232024,
            "max": 0.05691334339644527,
            "count": 102
        },
        "Basic.Losses.PolicyLoss.sum": {
            "value": 0.13203854390728037,
            "min": 0.08239038532641038,
            "max": 0.16399632467194653,
            "count": 102
        },
        "Basic.Losses.ValueLoss.mean": {
            "value": 0.004144057582986231,
            "min": 1.936002133599383e-05,
            "max": 0.006586177955695247,
            "count": 102
        },
        "Basic.Losses.ValueLoss.sum": {
            "value": 0.012432172748958692,
            "min": 3.872004267198766e-05,
            "max": 0.019758533867085742,
            "count": 102
        },
        "Basic.Policy.LearningRate.mean": {
            "value": 2.826075620507811e-06,
            "min": 2.826075620507811e-06,
            "max": 0.00029817890685703127,
            "count": 102
        },
        "Basic.Policy.LearningRate.sum": {
            "value": 8.478226861523434e-06,
            "min": 8.478226861523434e-06,
            "max": 0.0008781468822843749,
            "count": 102
        },
        "Basic.Policy.Epsilon.mean": {
            "value": 0.1009419921875,
            "min": 0.1009419921875,
            "max": 0.19939296875,
            "count": 102
        },
        "Basic.Policy.Epsilon.sum": {
            "value": 0.3028259765625,
            "min": 0.20388779296874998,
            "max": 0.5927156250000001,
            "count": 102
        },
        "Basic.Policy.Beta.mean": {
            "value": 5.700541015624998e-05,
            "min": 5.700541015624998e-05,
            "max": 0.0049697091406250005,
            "count": 102
        },
        "Basic.Policy.Beta.sum": {
            "value": 0.00017101623046874995,
            "min": 0.00017101623046874995,
            "max": 0.0146365096875,
            "count": 102
        },
        "Basic.IsTraining.mean": {
            "value": 1.0,
            "min": 1.0,
            "max": 1.0,
            "count": 102
        },
        "Basic.IsTraining.sum": {
            "value": 1.0,
            "min": 1.0,
            "max": 1.0,
            "count": 102
        }
    },
    "metadata": {
        "timer_format_version": "0.1.0",
        "start_time_seconds": "1618402734",
        "python_version": "3.8.8 (default, Feb 24 2021, 15:54:32) [MSC v.1928 64 bit (AMD64)]",
        "command_line_arguments": "C:\\Users\\user\\Anaconda3\\envs\\rlnav\\Scripts\\mlagents-learn rlnav/configs/PPO.yaml --env=C:\\Users\\user\\Desktop\\RLNav\\NavigationEnvironments\\P0\\Jump\\Env.exe --run-id=0_Pipeline\\Jump93\\PPO\\Run_7 --time-scale=10 --base-port=6107 --width=480 --height=480",
        "mlagents_version": "0.25.0",
        "mlagents_envs_version": "0.25.0",
        "communication_protocol_version": "1.5.0",
        "pytorch_version": "1.8.1+cpu",
        "numpy_version": "1.19.5",
        "end_time_seconds": "1618407908"
    },
    "total": 5174.3066142,
    "count": 1,
    "self": 2.658086800000092,
    "children": {
        "run_training.setup": {
            "total": 0.34815099999999966,
            "count": 1,
            "self": 0.34815099999999966
        },
        "TrainerController.start_learning": {
            "total": 5171.3003764,
            "count": 1,
            "self": 4.46504280001227,
            "children": {
                "TrainerController._reset_env": {
                    "total": 8.2134884,
                    "count": 1,
                    "self": 8.2134884
                },
                "TrainerController.advance": {
                    "total": 5158.370081499988,
                    "count": 67783,
                    "self": 4.072460000019419,
                    "children": {
                        "env_step": {
                            "total": 2794.1119503999626,
                            "count": 67783,
                            "self": 2648.286817399951,
                            "children": {
                                "SubprocessEnvManager._take_step": {
                                    "total": 143.46320570006088,
                                    "count": 67783,
                                    "self": 10.987992800032941,
                                    "children": {
                                        "TorchPolicy.evaluate": {
                                            "total": 132.47521290002794,
                                            "count": 64001,
                                            "self": 22.262961599986397,
                                            "children": {
                                                "TorchPolicy.sample_actions": {
                                                    "total": 110.21225130004154,
                                                    "count": 64001,
                                                    "self": 110.21225130004154
                                                }
                                            }
                                        }
                                    }
                                },
                                "workers": {
                                    "total": 2.3619272999509047,
                                    "count": 67783,
                                    "self": 0.0,
                                    "children": {
                                        "worker_root": {
                                            "total": 5157.620157400001,
                                            "count": 67783,
                                            "is_parallel": true,
                                            "self": 2783.9507743999816,